Code Domaine,Domaine,Code zone (M49),Zone,Code Élément,Élément,Code Produit,Produit,Code année,Année,Unité,Valeur,Symbole,Description du Symbole,Note
"FS","Données de la sécurité alimentaire","004","Afghanistan","6121","Valeur","210041","Prévalence de la sous-alimentation (%) (moyenne sur 3 ans)","20162018","2016-2018","%","21.3","E","Valeur estimée",""
"FS","Données de la sécurité alimentaire","710","Afrique du Sud","6121","Valeur","210041","Prévalence de la sous-alimentation (%) (moyenne sur 3 ans)","20162018","2016-2018","%","6.1","E","Valeur estimée",""
"FS","Données de la sécurité alimentaire","008","Albanie","6121","Valeur","210041","Prévalence de la sous-alimentation (%) (moyenne sur 3 ans)","20162018","2016-2018","%","4.3","E","Valeur estimée",""
"FS","Données de la sécurité alimentaire","012","Algérie","6121","Valeur","210041","Prévalence de la sous-alimentation (%) (moyenne sur 3 ans)","20162018","2016-2018","%","2.5","E","Valeur estimée",""
"FS","Données de la sécurité alimentaire","276","Allemagne","6121","Valeur","210041","Prévalence de la sous-alimentation (%) (moyenne sur 3 ans)","20162018","2016-2018","%","<2.5","E","Valeur estimée",""
"FS","Données de la sécurité alimentaire","020","Andorre","6121","Valeur","210041","Prévalence de la sous-alimentation (%) (moyenne sur 3 ans)","20162018","2016-2018","%","","O","Valeur manquante",""
"FS","Données de la sécurité alimentaire","024","Angola","6121","Valeur","210041","Prévalence de la sous-alimentation (%) (moyenne sur 3 ans)","20162018","2016-2018","%","15.4","E","Valeur estimée",""
"FS","Données de la sécurité alimentaire","028","Antigua-et-Barbuda","6121","Valeur","210041","Prévalence de la sous-alimentation (%) (moyenne sur 3 ans)","20162018","2016-2018","%","","O","Valeur manquante",""
"FS","Données de la sécurité alimentaire","682","Arabie saoudite","6121","Valeur","210041","Prévalence de la sous-alimentation (%) (moyenne sur 3 ans)","20162018","2016-2018","%","<2.5","E","Valeur estimée",""
"FS","Données de la sécurité alimentaire","032","Argentine","6121","Valeur","210041","Prévalence de la sous-alimentation (%) (moyenne sur 3 ans)","20162018","2016-2018","%","3.5","E","Valeur estimée",""
"FS","Données de la sécurité alimentaire","051","Arménie","6121","Valeur","210041","Prévalence de la sous-alimentation (%) (moyenne sur 3 ans)","20162018","2016-2018","%","<2.5","E","Valeur estimée",""
"FS","Données de la sécurité alimentaire","036","Australie","6121","Valeur","210041","Prévalence de la sous-alimentation (%) (moyenne sur 3 ans)","20162018","2016-2018","%","<2.5","E","Valeur estimée",""
"FS","Données de la sécurité alimentaire","040","Autriche","6121","Valeur","210041","Prévalence de la sous-alimentation (%) (moyenne sur 3 ans)","20162018","2016-2018","%","<2.5","E","Valeur estimée",""
"FS","Données de la sécurité alimentaire","031","Azerbaïdjan","6121","Valeur","210041","Prévalence de la sous-alimentation (%) (moyenne sur 3 ans)","20162018","2016-2018","%","<2.5","E","Valeur estimée",""
"FS","Données de la sécurité alimentaire","044","Bahamas","6121","Valeur","210041","Prévalence de la sous-alimentation (%) (moyenne sur 3 ans)","20162018","2016-2018","%","","O","Valeur manquante",""
"FS","Données de la sécurité alimentaire","048","Bahreïn","6121","Valeur","210041","Prévalence de la sous-alimentation (%) (moyenne sur 3 ans)","20162018","2016-2018","%","","O","Valeur manquante",""
"FS","Données de la sécurité alimentaire","050","Bangladesh","6121","Valeur","210041","Prévalence de la sous-alimentation (%) (moyenne sur 3 ans)","20162018","2016-2018","%","13.4","E","Valeur estimée",""
"FS","Données de la sécurité alimentaire","052","Barbade","6121","Valeur","210041","Prévalence de la sous-alimentation (%) (moyenne sur 3 ans)","20162018","2016-2018","%","2.5","E","Valeur estimée",""
"FS","Données de la sécurité alimentaire","112","Bélarus","6121","Valeur","210041","Prévalence de la sous-alimentation (%) (moyenne sur 3 ans)","20162018","2016-2018","%","<2.5","E","Valeur estimée",""
"FS","Données de la sécurité alimentaire","056","Belgique","6121","Valeur","210041","Prévalence de la sous-alimentation (%) (moyenne sur 3 ans)","20162018","2016-2018","%","<2.5","E","Valeur estimée",""
"FS","Données de la sécurité alimentaire","084","Belize","6121","Valeur","210041","Prévalence de la sous-alimentation (%) (moyenne sur 3 ans)","20162018","2016-2018","%","5.8","E","Valeur estimée",""
"FS","Données de la sécurité alimentaire","204","Bénin","6121","Valeur","210041","Prévalence de la sous-alimentation (%) (moyenne sur 3 ans)","20162018","2016-2018","%","10.5","E","Valeur estimée",""
"FS","Données de la sécurité alimentaire","060","Bermudes","6121","Valeur","210041","Prévalence de la sous-alimentation (%) (moyenne sur 3 ans)","20162018","2016-2018","%","","O","Valeur manquante",""
"FS","Données de la sécurité alimentaire","064","Bhoutan","6121","Valeur","210041","Prévalence de la sous-alimentation (%) (moyenne sur 3 ans)","20162018","2016-2018","%","","O","Valeur manquante",""
"FS","Données de la sécurité alimentaire","068","Bolivie (État plurinational de)","6121","Valeur","210041","Prévalence de la sous-alimentation (%) (moyenne sur 3 ans)","20162018","2016-2018","%","14.2","E","Valeur estimée",""
"FS","Données de la sécurité alimentaire","070","Bosnie-Herzégovine","6121","Valeur","210041","Prévalence de la sous-alimentation (%) (moyenne sur 3 ans)","20162018","2016-2018","%","<2.5","E","Valeur estimée",""
"FS","Données de la sécurité alimentaire","072","Botswana","6121","Valeur","210041","Prévalence de la sous-alimentation (%) (moyenne sur 3 ans)","20162018","2016-2018","%","22.1","E","Valeur estimée",""
"FS","Données de la sécurité alimentaire","076","Brésil","6121","Valeur","210041","Prévalence de la sous-alimentation (%) (moyenne sur 3 ans)","20162018","2016-2018","%","<2.5","E","Valeur estimée",""
"FS","Données de la sécurité alimentaire","096","Brunéi Darussalam","6121","Valeur","210041","Prévalence de la sous-alimentation (%) (moyenne sur 3 ans)","20162018","2016-2018","%","","O","Valeur manquante",""
"FS","Données de la sécurité alimentaire","100","Bulgarie","6121","Valeur","210041","Prévalence de la sous-alimentation (%) (moyenne sur 3 ans)","20162018","2016-2018","%","3.4","E","Valeur estimée",""
"FS","Données de la sécurité alimentaire","854","Burkina Faso","6121","Valeur","210041","Prévalence de la sous-alimentation (%) (moyenne sur 3 ans)","20162018","2016-2018","%","14","E","Valeur estimée",""
"FS","Données de la sécurité alimentaire","108","Burundi","6121","Valeur","210041","Prévalence de la sous-alimentation (%) (moyenne sur 3 ans)","20162018","2016-2018","%","","O","Valeur manquante",""
"FS","Données de la sécurité alimentaire","132","Cabo Verde","6121","Valeur","210041","Prévalence de la sous-alimentation (%) (moyenne sur 3 ans)","20162018","2016-2018","%","15.5","E","Valeur estimée",""
"FS","Données de la sécurité alimentaire","116","Cambodge","6121","Valeur","210041","Prévalence de la sous-alimentation (%) (moyenne sur 3 ans)","20162018","2016-2018","%","6.3","E","Valeur estimée",""
"FS","Données de la sécurité alimentaire","120","Cameroun","6121","Valeur","210041","Prévalence de la sous-alimentation (%) (moyenne sur 3 ans)","20162018","2016-2018","%","6","E","Valeur estimée",""
"FS","Données de la sécurité alimentaire","124","Canada","6121","Valeur","210041","Prévalence de la sous-alimentation (%) (moyenne sur 3 ans)","20162018","2016-2018","%","<2.5","E","Valeur estimée",""
"FS","Données de la sécurité alimentaire","152","Chili","6121","Valeur","210041","Prévalence de la sous-alimentation (%) (moyenne sur 3 ans)","20162018","2016-2018","%","3.1","E","Valeur estimée",""
"FS","Données de la sécurité alimentaire","159","Chine","6121","Valeur","210041","Prévalence de la sous-alimentation (%) (moyenne sur 3 ans)","20162018","2016-2018","%","<2.5","E","Valeur estimée",""
"FS","Données de la sécurité alimentaire","344","Chine - RAS de Hong-Kong","6121","Valeur","210041","Prévalence de la sous-alimentation (%) (moyenne sur 3 ans)","20162018","2016-2018","%","<2.5","E","Valeur estimée",""
"FS","Données de la sécurité alimentaire","446","Chine - RAS de Macao","6121","Valeur","210041","Prévalence de la sous-alimentation (%) (moyenne sur 3 ans)","20162018","2016-2018","%","6","E","Valeur estimée",""
"FS","Données de la sécurité alimentaire","156","Chine, continentale","6121","Valeur","210041","Prévalence de la sous-alimentation (%) (moyenne sur 3 ans)","20162018","2016-2018","%","<2.5","E","Valeur estimée",""
"FS","Données de la sécurité alimentaire","158","Chine, Taiwan Province de","6121","Valeur","210041","Prévalence de la sous-alimentation (%) (moyenne sur 3 ans)","20162018","2016-2018","%","4.2","E","Valeur estimée",""
"FS","Données de la sécurité alimentaire","196","Chypre","6121","Valeur","210041","Prévalence de la sous-alimentation (%) (moyenne sur 3 ans)","20162018","2016-2018","%","<2.5","E","Valeur estimée",""
"FS","Données de la sécurité alimentaire","170","Colombie","6121","Valeur","210041","Prévalence de la sous-alimentation (%) (moyenne sur 3 ans)","20162018","2016-2018","%","4.2","E","Valeur estimée",""
"FS","Données de la sécurité alimentaire","174","Comores","6121","Valeur","210041","Prévalence de la sous-alimentation (%) (moyenne sur 3 ans)","20162018","2016-2018","%","13.1","E","Valeur estimée",""
"FS","Données de la sécurité alimentaire","178","Congo","6121","Valeur","210041","Prévalence de la sous-alimentation (%) (moyenne sur 3 ans)","20162018","2016-2018","%","30.2","E","Valeur estimée",""
"FS","Données de la sécurité alimentaire","188","Costa Rica","6121","Valeur","210041","Prévalence de la sous-alimentation (%) (moyenne sur 3 ans)","20162018","2016-2018","%","<2.5","E","Valeur estimée",""
"FS","Données de la sécurité alimentaire","384","Côte d'Ivoire","6121","Valeur","210041","Prévalence de la sous-alimentation (%) (moyenne sur 3 ans)","20162018","2016-2018","%","10.6","E","Valeur estimée",""
"FS","Données de la sécurité alimentaire","191","Croatie","6121","Valeur","210041","Prévalence de la sous-alimentation (%) (moyenne sur 3 ans)","20162018","2016-2018","%","<2.5","E","Valeur estimée",""
"FS","Données de la sécurité alimentaire","192","Cuba","6121","Valeur","210041","Prévalence de la sous-alimentation (%) (moyenne sur 3 ans)","20162018","2016-2018","%","","O","Valeur manquante",""
"FS","Données de la sécurité alimentaire","208","Danemark","6121","Valeur","210041","Prévalence de la sous-alimentation (%) (moyenne sur 3 ans)","20162018","2016-2018","%","<2.5","E","Valeur estimée",""
"FS","Données de la sécurité alimentaire","262","Djibouti","6121","Valeur","210041","Prévalence de la sous-alimentation (%) (moyenne sur 3 ans)","20162018","2016-2018","%","12.6","E","Valeur estimée",""
"FS","Données de la sécurité alimentaire","212","Dominique","6121","Valeur","210041","Prévalence de la sous-alimentation (%) (moyenne sur 3 ans)","20162018","2016-2018","%","5.5","E","Valeur estimée",""
"FS","Données de la sécurité alimentaire","818","Égypte","6121","Valeur","210041","Prévalence de la sous-alimentation (%) (moyenne sur 3 ans)","20162018","2016-2018","%","6.6","E","Valeur estimée",""
"FS","Données de la sécurité alimentaire","222","El Salvador","6121","Valeur","210041","Prévalence de la sous-alimentation (%) (moyenne sur 3 ans)","20162018","2016-2018","%","7.6","E","Valeur estimée",""
"FS","Données de la sécurité alimentaire","784","Émirats arabes unis","6121","Valeur","210041","Prévalence de la sous-alimentation (%) (moyenne sur 3 ans)","20162018","2016-2018","%","3.4","E","Valeur estimée",""
"FS","Données de la sécurité alimentaire","218","Équateur","6121","Valeur","210041","Prévalence de la sous-alimentation (%) (moyenne sur 3 ans)","20162018","2016-2018","%","10.4","E","Valeur estimée",""
"FS","Données de la sécurité alimentaire","232","Érythrée","6121","Valeur","210041","Prévalence de la sous-alimentation (%) (moyenne sur 3 ans)","20162018","2016-2018","%","","O","Valeur manquante",""
"FS","Données de la sécurité alimentaire","724","Espagne","6121","Valeur","210041","Prévalence de la sous-alimentation (%) (moyenne sur 3 ans)","20162018","2016-2018","%","<2.5","E","Valeur estimée",""
"FS","Données de la sécurité alimentaire","233","Estonie","6121","Valeur","210041","Prévalence de la sous-alimentation (%) (moyenne sur 3 ans)","20162018","2016-2018","%","<2.5","E","Valeur estimée",""
"FS","Données de la sécurité alimentaire","748","Eswatini","6121","Valeur","210041","Prévalence de la sous-alimentation (%) (moyenne sur 3 ans)","20162018","2016-2018","%","15","E","Valeur estimée",""
"FS","Données de la sécurité alimentaire","840","États-Unis d'Amérique","6121","Valeur","210041","Prévalence de la sous-alimentation (%) (moyenne sur 3 ans)","20162018","2016-2018","%","<2.5","E","Valeur estimée",""
"FS","Données de la sécurité alimentaire","231","Éthiopie","6121","Valeur","210041","Prévalence de la sous-alimentation (%) (moyenne sur 3 ans)","20162018","2016-2018","%","14.1","E","Valeur estimée",""
"FS","Données de la sécurité alimentaire","643","Fédération de Russie","6121","Valeur","210041","Prévalence de la sous-alimentation (%) (moyenne sur 3 ans)","20162018","2016-2018","%","<2.5","E","Valeur estimée",""
"FS","Données de la sécurité alimentaire","242","Fidji","6121","Valeur","210041","Prévalence de la sous-alimentation (%) (moyenne sur 3 ans)","20162018","2016-2018","%","7.3","E","Valeur estimée",""
"FS","Données de la sécurité alimentaire","246","Finlande","6121","Valeur","210041","Prévalence de la sous-alimentation (%) (moyenne sur 3 ans)","20162018","2016-2018","%","<2.5","E","Valeur estimée",""
"FS","Données de la sécurité alimentaire","250","France","6121","Valeur","210041","Prévalence de la sous-alimentation (%) (moyenne sur 3 ans)","20162018","2016-2018","%","<2.5","E","Valeur estimée",""
"FS","Données de la sécurité alimentaire","266","Gabon","6121","Valeur","210041","Prévalence de la sous-alimentation (%) (moyenne sur 3 ans)","20162018","2016-2018","%","16.4","E","Valeur estimée",""
"FS","Données de la sécurité alimentaire","270","Gambie","6121","Valeur","210041","Prévalence de la sous-alimentation (%) (moyenne sur 3 ans)","20162018","2016-2018","%","14.2","E","Valeur estimée",""
"FS","Données de la sécurité alimentaire","268","Géorgie","6121","Valeur","210041","Prévalence de la sous-alimentation (%) (moyenne sur 3 ans)","20162018","2016-2018","%","6.4","E","Valeur estimée",""
"FS","Données de la sécurité alimentaire","288","Ghana","6121","Valeur","210041","Prévalence de la sous-alimentation (%) (moyenne sur 3 ans)","20162018","2016-2018","%","8.8","E","Valeur estimée",""
"FS","Données de la sécurité alimentaire","300","Grèce","6121","Valeur","210041","Prévalence de la sous-alimentation (%) (moyenne sur 3 ans)","20162018","2016-2018","%","<2.5","E","Valeur estimée",""
"FS","Données de la sécurité alimentaire","308","Grenade","6121","Valeur","210041","Prévalence de la sous-alimentation (%) (moyenne sur 3 ans)","20162018","2016-2018","%","","O","Valeur manquante",""
"FS","Données de la sécurité alimentaire","304","Groenland","6121","Valeur","210041","Prévalence de la sous-alimentation (%) (moyenne sur 3 ans)","20162018","2016-2018","%","","O","Valeur manquante",""
"FS","Données de la sécurité alimentaire","320","Guatemala","6121","Valeur","210041","Prévalence de la sous-alimentation (%) (moyenne sur 3 ans)","20162018","2016-2018","%","14.3","E","Valeur estimée",""
"FS","Données de la sécurité alimentaire","324","Guinée","6121","Valeur","210041","Prévalence de la sous-alimentation (%) (moyenne sur 3 ans)","20162018","2016-2018","%","14","E","Valeur estimée",""
"FS","Données de la sécurité alimentaire","226","Guinée équatoriale","6121","Valeur","210041","Prévalence de la sous-alimentation (%) (moyenne sur 3 ans)","20162018","2016-2018","%","","O","Valeur manquante",""
"FS","Données de la sécurité alimentaire","624","Guinée-Bissau","6121","Valeur","210041","Prévalence de la sous-alimentation (%) (moyenne sur 3 ans)","20162018","2016-2018","%","13.6","E","Valeur estimée",""
"FS","Données de la sécurité alimentaire","328","Guyana","6121","Valeur","210041","Prévalence de la sous-alimentation (%) (moyenne sur 3 ans)","20162018","2016-2018","%","3.1","E","Valeur estimée",""
"FS","Données de la sécurité alimentaire","332","Haïti","6121","Valeur","210041","Prévalence de la sous-alimentation (%) (moyenne sur 3 ans)","20162018","2016-2018","%","40.3","E","Valeur estimée",""
"FS","Données de la sécurité alimentaire","340","Honduras","6121","Valeur","210041","Prévalence de la sous-alimentation (%) (moyenne sur 3 ans)","20162018","2016-2018","%","13.2","E","Valeur estimée",""
"FS","Données de la sécurité alimentaire","348","Hongrie","6121","Valeur","210041","Prévalence de la sous-alimentation (%) (moyenne sur 3 ans)","20162018","2016-2018","%","<2.5","E","Valeur estimée",""
"FS","Données de la sécurité alimentaire","184","Îles Cook","6121","Valeur","210041","Prévalence de la sous-alimentation (%) (moyenne sur 3 ans)","20162018","2016-2018","%","","O","Valeur manquante",""
"FS","Données de la sécurité alimentaire","584","Îles Marshall","6121","Valeur","210041","Prévalence de la sous-alimentation (%) (moyenne sur 3 ans)","20162018","2016-2018","%","","O","Valeur manquante",""
"FS","Données de la sécurité alimentaire","090","Îles Salomon","6121","Valeur","210041","Prévalence de la sous-alimentation (%) (moyenne sur 3 ans)","20162018","2016-2018","%","17.9","E","Valeur estimée",""
"FS","Données de la sécurité alimentaire","356","Inde","6121","Valeur","210041","Prévalence de la sous-alimentation (%) (moyenne sur 3 ans)","20162018","2016-2018","%","10.6","E","Valeur estimée",""
"FS","Données de la sécurité alimentaire","360","Indonésie","6121","Valeur","210041","Prévalence de la sous-alimentation (%) (moyenne sur 3 ans)","20162018","2016-2018","%","6","E","Valeur estimée",""
"FS","Données de la sécurité alimentaire","364","Iran (République islamique d')","6121","Valeur","210041","Prévalence de la sous-alimentation (%) (moyenne sur 3 ans)","20162018","2016-2018","%","8","E","Valeur estimée",""
"FS","Données de la sécurité alimentaire","368","Iraq","6121","Valeur","210041","Prévalence de la sous-alimentation (%) (moyenne sur 3 ans)","20162018","2016-2018","%","16","E","Valeur estimée",""
"FS","Données de la sécurité alimentaire","372","Irlande","6121","Valeur","210041","Prévalence de la sous-alimentation (%) (moyenne sur 3 ans)","20162018","2016-2018","%","<2.5","E","Valeur estimée",""
"FS","Données de la sécurité alimentaire","352","Islande","6121","Valeur","210041","Prévalence de la sous-alimentation (%) (moyenne sur 3 ans)","20162018","2016-2018","%","<2.5","E","Valeur estimée",""
"FS","Données de la sécurité alimentaire","376","Israël","6121","Valeur","210041","Prévalence de la sous-alimentation (%) (moyenne sur 3 ans)","20162018","2016-2018","%","<2.5","E","Valeur estimée",""
"FS","Données de la sécurité alimentaire","380","Italie","6121","Valeur","210041","Prévalence de la sous-alimentation (%) (moyenne sur 3 ans)","20162018","2016-2018","%","<2.5","E","Valeur estimée",""
"FS","Données de la sécurité alimentaire","388","Jamaïque","6121","Valeur","210041","Prévalence de la sous-alimentation (%) (moyenne sur 3 ans)","20162018","2016-2018","%","7.3","E","Valeur estimée",""
"FS","Données de la sécurité alimentaire","392","Japon","6121","Valeur","210041","Prévalence de la sous-alimentation (%) (moyenne sur 3 ans)","20162018","2016-2018","%","","O","Valeur manquante",""
"FS","Données de la sécurité alimentaire","400","Jordanie","6121","Valeur","210041","Prévalence de la sous-alimentation (%) (moyenne sur 3 ans)","20162018","2016-2018","%","9.2","E","Valeur estimée",""
"FS","Données de la sécurité alimentaire","398","Kazakhstan","6121","Valeur","210041","Prévalence de la sous-alimentation (%) (moyenne sur 3 ans)","20162018","2016-2018","%","<2.5","E","Valeur estimée",""
"FS","Données de la sécurité alimentaire","404","Kenya","6121","Valeur","210041","Prévalence de la sous-alimentation (%) (moyenne sur 3 ans)","20162018","2016-2018","%","23.6","E","Valeur estimée",""
"FS","Données de la sécurité alimentaire","417","Kirghizistan","6121","Valeur","210041","Prévalence de la sous-alimentation (%) (moyenne sur 3 ans)","20162018","2016-2018","%","5.5","E","Valeur estimée",""
"FS","Données de la sécurité alimentaire","296","Kiribati","6121","Valeur","210041","Prévalence de la sous-alimentation (%) (moyenne sur 3 ans)","20162018","2016-2018","%","3.2","E","Valeur estimée",""
"FS","Données de la sécurité alimentaire","414","Koweït","6121","Valeur","210041","Prévalence de la sous-alimentation (%) (moyenne sur 3 ans)","20162018","2016-2018","%","<2.5","E","Valeur estimée",""
"FS","Données de la sécurité alimentaire","426","Lesotho","6121","Valeur","210041","Prévalence de la sous-alimentation (%) (moyenne sur 3 ans)","20162018","2016-2018","%","","O","Valeur manquante",""
"FS","Données de la sécurité alimentaire","428","Lettonie","6121","Valeur","210041","Prévalence de la sous-alimentation (%) (moyenne sur 3 ans)","20162018","2016-2018","%","<2.5","E","Valeur estimée",""
"FS","Données de la sécurité alimentaire","422","Liban","6121","Valeur","210041","Prévalence de la sous-alimentation (%) (moyenne sur 3 ans)","20162018","2016-2018","%","5.5","E","Valeur estimée",""
"FS","Données de la sécurité alimentaire","430","Libéria","6121","Valeur","210041","Prévalence de la sous-alimentation (%) (moyenne sur 3 ans)","20162018","2016-2018","%","34.9","E","Valeur estimée",""
"FS","Données de la sécurité alimentaire","434","Libye","6121","Valeur","210041","Prévalence de la sous-alimentation (%) (moyenne sur 3 ans)","20162018","2016-2018","%","11.4","E","Valeur estimée",""
"FS","Données de la sécurité alimentaire","440","Lituanie","6121","Valeur","210041","Prévalence de la sous-alimentation (%) (moyenne sur 3 ans)","20162018","2016-2018","%","<2.5","E","Valeur estimée",""
"FS","Données de la sécurité alimentaire","442","Luxembourg","6121","Valeur","210041","Prévalence de la sous-alimentation (%) (moyenne sur 3 ans)","20162018","2016-2018","%","<2.5","E","Valeur estimée",""
"FS","Données de la sécurité alimentaire","807","Macédoine du Nord","6121","Valeur","210041","Prévalence de la sous-alimentation (%) (moyenne sur 3 ans)","20162018","2016-2018","%","2.9","E","Valeur estimée",""
"FS","Données de la sécurité alimentaire","450","Madagascar","6121","Valeur","210041","Prévalence de la sous-alimentation (%) (moyenne sur 3 ans)","20162018","2016-2018","%","36","E","Valeur estimée",""
"FS","Données de la sécurité alimentaire","458","Malaisie","6121","Valeur","210041","Prévalence de la sous-alimentation (%) (moyenne sur 3 ans)","20162018","2016-2018","%","3.1","E","Valeur estimée",""
"FS","Données de la sécurité alimentaire","454","Malawi","6121","Valeur","210041","Prévalence de la sous-alimentation (%) (moyenne sur 3 ans)","20162018","2016-2018","%","17.6","E","Valeur estimée",""
"FS","Données de la sécurité alimentaire","462","Maldives","6121","Valeur","210041","Prévalence de la sous-alimentation (%) (moyenne sur 3 ans)","20162018","2016-2018","%","","O","Valeur manquante",""
"FS","Données de la sécurité alimentaire","466","Mali","6121","Valeur","210041","Prévalence de la sous-alimentation (%) (moyenne sur 3 ans)","20162018","2016-2018","%","4.6","E","Valeur estimée",""
"FS","Données de la sécurité alimentaire","470","Malte","6121","Valeur","210041","Prévalence de la sous-alimentation (%) (moyenne sur 3 ans)","20162018","2016-2018","%","<2.5","E","Valeur estimée",""
"FS","Données de la sécurité alimentaire","504","Maroc","6121","Valeur","210041","Prévalence de la sous-alimentation (%) (moyenne sur 3 ans)","20162018","2016-2018","%","3.5","E","Valeur estimée",""
"FS","Données de la sécurité alimentaire","480","Maurice","6121","Valeur","210041","Prévalence de la sous-alimentation (%) (moyenne sur 3 ans)","20162018","2016-2018","%","7.3","E","Valeur estimée",""
"FS","Données de la sécurité alimentaire","478","Mauritanie","6121","Valeur","210041","Prévalence de la sous-alimentation (%) (moyenne sur 3 ans)","20162018","2016-2018","%","6.6","E","Valeur estimée",""
"FS","Données de la sécurité alimentaire","484","Mexique","6121","Valeur","210041","Prévalence de la sous-alimentation (%) (moyenne sur 3 ans)","20162018","2016-2018","%","3.7","E","Valeur estimée",""
"FS","Données de la sécurité alimentaire","583","Micronésie (États fédérés de)","6121","Valeur","210041","Prévalence de la sous-alimentation (%) (moyenne sur 3 ans)","20162018","2016-2018","%","","O","Valeur manquante",""
"FS","Données de la sécurité alimentaire","496","Mongolie","6121","Valeur","210041","Prévalence de la sous-alimentation (%) (moyenne sur 3 ans)","20162018","2016-2018","%","6.8","E","Valeur estimée",""
"FS","Données de la sécurité alimentaire","499","Monténégro","6121","Valeur","210041","Prévalence de la sous-alimentation (%) (moyenne sur 3 ans)","20162018","2016-2018","%","<2.5","E","Valeur estimée",""
"FS","Données de la sécurité alimentaire","508","Mozambique","6121","Valeur","210041","Prévalence de la sous-alimentation (%) (moyenne sur 3 ans)","20162018","2016-2018","%","38.3","E","Valeur estimée",""
"FS","Données de la sécurité alimentaire","104","Myanmar","6121","Valeur","210041","Prévalence de la sous-alimentation (%) (moyenne sur 3 ans)","20162018","2016-2018","%","3.5","E","Valeur estimée",""
"FS","Données de la sécurité alimentaire","516","Namibie","6121","Valeur","210041","Prévalence de la sous-alimentation (%) (moyenne sur 3 ans)","20162018","2016-2018","%","20","E","Valeur estimée",""
"FS","Données de la sécurité alimentaire","520","Nauru","6121","Valeur","210041","Prévalence de la sous-alimentation (%) (moyenne sur 3 ans)","20162018","2016-2018","%","","O","Valeur manquante",""
"FS","Données de la sécurité alimentaire","524","Népal","6121","Valeur","210041","Prévalence de la sous-alimentation (%) (moyenne sur 3 ans)","20162018","2016-2018","%","4.9","E","Valeur estimée",""
"FS","Données de la sécurité alimentaire","558","Nicaragua","6121","Valeur","210041","Prévalence de la sous-alimentation (%) (moyenne sur 3 ans)","20162018","2016-2018","%","15.6","E","Valeur estimée",""
"FS","Données de la sécurité alimentaire","562","Niger","6121","Valeur","210041","Prévalence de la sous-alimentation (%) (moyenne sur 3 ans)","20162018","2016-2018","%","11.1","E","Valeur estimée",""
"FS","Données de la sécurité alimentaire","566","Nigéria","6121","Valeur","210041","Prévalence de la sous-alimentation (%) (moyenne sur 3 ans)","20162018","2016-2018","%","11.5","E","Valeur estimée",""
"FS","Données de la sécurité alimentaire","570","Nioué","6121","Valeur","210041","Prévalence de la sous-alimentation (%) (moyenne sur 3 ans)","20162018","2016-2018","%","","O","Valeur manquante",""
"FS","Données de la sécurité alimentaire","578","Norvège","6121","Valeur","210041","Prévalence de la sous-alimentation (%) (moyenne sur 3 ans)","20162018","2016-2018","%","<2.5","E","Valeur estimée",""
"FS","Données de la sécurité alimentaire","540","Nouvelle-Calédonie","6121","Valeur","210041","Prévalence de la sous-alimentation (%) (moyenne sur 3 ans)","20162018","2016-2018","%","7.4","E","Valeur estimée",""
"FS","Données de la sécurité alimentaire","554","Nouvelle-Zélande","6121","Valeur","210041","Prévalence de la sous-alimentation (%) (moyenne sur 3 ans)","20162018","2016-2018","%","<2.5","E","Valeur estimée",""
"FS","Données de la sécurité alimentaire","512","Oman","6121","Valeur","210041","Prévalence de la sous-alimentation (%) (moyenne sur 3 ans)","20162018","2016-2018","%","7","E","Valeur estimée",""
"FS","Données de la sécurité alimentaire","800","Ouganda","6121","Valeur","210041","Prévalence de la sous-alimentation (%) (moyenne sur 3 ans)","20162018","2016-2018","%","35.5","E","Valeur estimée",""
"FS","Données de la sécurité alimentaire","860","Ouzbékistan","6121","Valeur","210041","Prévalence de la sous-alimentation (%) (moyenne sur 3 ans)","20162018","2016-2018","%","<2.5","E","Valeur estimée",""
"FS","Données de la sécurité alimentaire","586","Pakistan","6121","Valeur","210041","Prévalence de la sous-alimentation (%) (moyenne sur 3 ans)","20162018","2016-2018","%","11.7","E","Valeur estimée",""
"FS","Données de la sécurité alimentaire","585","Palaos","6121","Valeur","210041","Prévalence de la sous-alimentation (%) (moyenne sur 3 ans)","20162018","2016-2018","%","","O","Valeur manquante",""
"FS","Données de la sécurité alimentaire","275","Palestine","6121","Valeur","210041","Prévalence de la sous-alimentation (%) (moyenne sur 3 ans)","20162018","2016-2018","%","","O","Valeur manquante",""
"FS","Données de la sécurité alimentaire","591","Panama","6121","Valeur","210041","Prévalence de la sous-alimentation (%) (moyenne sur 3 ans)","20162018","2016-2018","%","5.8","E","Valeur estimée",""
"FS","Données de la sécurité alimentaire","598","Papouasie-Nouvelle-Guinée","6121","Valeur","210041","Prévalence de la sous-alimentation (%) (moyenne sur 3 ans)","20162018","2016-2018","%","28.3","E","Valeur estimée",""
"FS","Données de la sécurité alimentaire","600","Paraguay","6121","Valeur","210041","Prévalence de la sous-alimentation (%) (moyenne sur 3 ans)","20162018","2016-2018","%","2.6","E","Valeur estimée",""
"FS","Données de la sécurité alimentaire","528","Pays-Bas (Royaume des)","6121","Valeur","210041","Prévalence de la sous-alimentation (%) (moyenne sur 3 ans)","20162018","2016-2018","%","<2.5","E","Valeur estimée",""
"FS","Données de la sécurité alimentaire","604","Pérou","6121","Valeur","210041","Prévalence de la sous-alimentation (%) (moyenne sur 3 ans)","20162018","2016-2018","%","6.5","E","Valeur estimée",""
"FS","Données de la sécurité alimentaire","608","Philippines","6121","Valeur","210041","Prévalence de la sous-alimentation (%) (moyenne sur 3 ans)","20162018","2016-2018","%","7.8","E","Valeur estimée",""
"FS","Données de la sécurité alimentaire","616","Pologne","6121","Valeur","210041","Prévalence de la sous-alimentation (%) (moyenne sur 3 ans)","20162018","2016-2018","%","<2.5","E","Valeur estimée",""
"FS","Données de la sécurité alimentaire","258","Polynésie française","6121","Valeur","210041","Prévalence de la sous-alimentation (%) (moyenne sur 3 ans)","20162018","2016-2018","%","6.4","E","Valeur estimée",""
"FS","Données de la sécurité alimentaire","630","Porto Rico","6121","Valeur","210041","Prévalence de la sous-alimentation (%) (moyenne sur 3 ans)","20162018","2016-2018","%","","O","Valeur manquante",""
"FS","Données de la sécurité alimentaire","620","Portugal","6121","Valeur","210041","Prévalence de la sous-alimentation (%) (moyenne sur 3 ans)","20162018","2016-2018","%","<2.5","E","Valeur estimée",""
"FS","Données de la sécurité alimentaire","634","Qatar","6121","Valeur","210041","Prévalence de la sous-alimentation (%) (moyenne sur 3 ans)","20162018","2016-2018","%","","O","Valeur manquante",""
"FS","Données de la sécurité alimentaire","760","République arabe syrienne","6121","Valeur","210041","Prévalence de la sous-alimentation (%) (moyenne sur 3 ans)","20162018","2016-2018","%","18.5","E","Valeur estimée",""
"FS","Données de la sécurité alimentaire","140","République centrafricaine","6121","Valeur","210041","Prévalence de la sous-alimentation (%) (moyenne sur 3 ans)","20162018","2016-2018","%","25.3","E","Valeur estimée",""
"FS","Données de la sécurité alimentaire","410","République de Corée","6121","Valeur","210041","Prévalence de la sous-alimentation (%) (moyenne sur 3 ans)","20162018","2016-2018","%","<2.5","E","Valeur estimée",""
"FS","Données de la sécurité alimentaire","498","République de Moldova","6121","Valeur","210041","Prévalence de la sous-alimentation (%) (moyenne sur 3 ans)","20162018","2016-2018","%","<2.5","E","Valeur estimée",""
"FS","Données de la sécurité alimentaire","180","République démocratique du Congo","6121","Valeur","210041","Prévalence de la sous-alimentation (%) (moyenne sur 3 ans)","20162018","2016-2018","%","32.7","E","Valeur estimée",""
"FS","Données de la sécurité alimentaire","418","République démocratique populaire lao","6121","Valeur","210041","Prévalence de la sous-alimentation (%) (moyenne sur 3 ans)","20162018","2016-2018","%","","O","Valeur manquante",""
"FS","Données de la sécurité alimentaire","214","République dominicaine","6121","Valeur","210041","Prévalence de la sous-alimentation (%) (moyenne sur 3 ans)","20162018","2016-2018","%","5.9","E","Valeur estimée",""
"FS","Données de la sécurité alimentaire","408","République populaire démocratique de Corée","6121","Valeur","210041","Prévalence de la sous-alimentation (%) (moyenne sur 3 ans)","20162018","2016-2018","%","47.5","E","Valeur estimée",""
"FS","Données de la sécurité alimentaire","834","République-Unie de Tanzanie","6121","Valeur","210041","Prévalence de la sous-alimentation (%) (moyenne sur 3 ans)","20162018","2016-2018","%","22.6","E","Valeur estimée",""
"FS","Données de la sécurité alimentaire","642","Roumanie","6121","Valeur","210041","Prévalence de la sous-alimentation (%) (moyenne sur 3 ans)","20162018","2016-2018","%","<2.5","E","Valeur estimée",""
"FS","Données de la sécurité alimentaire","826","Royaume-Uni de Grande-Bretagne et d'Irlande du Nord","6121","Valeur","210041","Prévalence de la sous-alimentation (%) (moyenne sur 3 ans)","20162018","2016-2018","%","<2.5","E","Valeur estimée",""
"FS","Données de la sécurité alimentaire","646","Rwanda","6121","Valeur","210041","Prévalence de la sous-alimentation (%) (moyenne sur 3 ans)","20162018","2016-2018","%","31.9","E","Valeur estimée",""
"FS","Données de la sécurité alimentaire","662","Sainte-Lucie","6121","Valeur","210041","Prévalence de la sous-alimentation (%) (moyenne sur 3 ans)","20162018","2016-2018","%","","O","Valeur manquante",""
"FS","Données de la sécurité alimentaire","659","Saint-Kitts-et-Nevis","6121","Valeur","210041","Prévalence de la sous-alimentation (%) (moyenne sur 3 ans)","20162018","2016-2018","%","","O","Valeur manquante",""
"FS","Données de la sécurité alimentaire","670","Saint-Vincent-et-les Grenadines","6121","Valeur","210041","Prévalence de la sous-alimentation (%) (moyenne sur 3 ans)","20162018","2016-2018","%","4.9","E","Valeur estimée",""
"FS","Données de la sécurité alimentaire","882","Samoa","6121","Valeur","210041","Prévalence de la sous-alimentation (%) (moyenne sur 3 ans)","20162018","2016-2018","%","4.9","E","Valeur estimée",""
"FS","Données de la sécurité alimentaire","016","Samoa américaines","6121","Valeur","210041","Prévalence de la sous-alimentation (%) (moyenne sur 3 ans)","20162018","2016-2018","%","","O","Valeur manquante",""
"FS","Données de la sécurité alimentaire","678","Sao Tomé-et-Principe","6121","Valeur","210041","Prévalence de la sous-alimentation (%) (moyenne sur 3 ans)","20162018","2016-2018","%","17.9","E","Valeur estimée",""
"FS","Données de la sécurité alimentaire","686","Sénégal","6121","Valeur","210041","Prévalence de la sous-alimentation (%) (moyenne sur 3 ans)","20162018","2016-2018","%","8","E","Valeur estimée",""
"FS","Données de la sécurité alimentaire","688","Serbie","6121","Valeur","210041","Prévalence de la sous-alimentation (%) (moyenne sur 3 ans)","20162018","2016-2018","%","<2.5","E","Valeur estimée",""
"FS","Données de la sécurité alimentaire","690","Seychelles","6121","Valeur","210041","Prévalence de la sous-alimentation (%) (moyenne sur 3 ans)","20162018","2016-2018","%","3.3","E","Valeur estimée",""
"FS","Données de la sécurité alimentaire","694","Sierra Leone","6121","Valeur","210041","Prévalence de la sous-alimentation (%) (moyenne sur 3 ans)","20162018","2016-2018","%","26","E","Valeur estimée",""
"FS","Données de la sécurité alimentaire","702","Singapour","6121","Valeur","210041","Prévalence de la sous-alimentation (%) (moyenne sur 3 ans)","20162018","2016-2018","%","","O","Valeur manquante",""
"FS","Données de la sécurité alimentaire","703","Slovaquie","6121","Valeur","210041","Prévalence de la sous-alimentation (%) (moyenne sur 3 ans)","20162018","2016-2018","%","4.1","E","Valeur estimée",""
"FS","Données de la sécurité alimentaire","705","Slovénie","6121","Valeur","210041","Prévalence de la sous-alimentation (%) (moyenne sur 3 ans)","20162018","2016-2018","%","<2.5","E","Valeur estimée",""
"FS","Données de la sécurité alimentaire","706","Somalie","6121","Valeur","210041","Prévalence de la sous-alimentation (%) (moyenne sur 3 ans)","20162018","2016-2018","%","59","E","Valeur estimée",""
"FS","Données de la sécurité alimentaire","729","Soudan","6121","Valeur","210041","Prévalence de la sous-alimentation (%) (moyenne sur 3 ans)","20162018","2016-2018","%","10.3","E","Valeur estimée",""
"FS","Données de la sécurité alimentaire","728","Soudan du Sud","6121","Valeur","210041","Prévalence de la sous-alimentation (%) (moyenne sur 3 ans)","20162018","2016-2018","%","","O","Valeur manquante",""
"FS","Données de la sécurité alimentaire","144","Sri Lanka","6121","Valeur","210041","Prévalence de la sous-alimentation (%) (moyenne sur 3 ans)","20162018","2016-2018","%","5","E","Valeur estimée",""
"FS","Données de la sécurité alimentaire","752","Suède","6121","Valeur","210041","Prévalence de la sous-alimentation (%) (moyenne sur 3 ans)","20162018","2016-2018","%","<2.5","E","Valeur estimée",""
"FS","Données de la sécurité alimentaire","756","Suisse","6121","Valeur","210041","Prévalence de la sous-alimentation (%) (moyenne sur 3 ans)","20162018","2016-2018","%","<2.5","E","Valeur estimée",""
"FS","Données de la sécurité alimentaire","740","Suriname","6121","Valeur","210041","Prévalence de la sous-alimentation (%) (moyenne sur 3 ans)","20162018","2016-2018","%","9.3","E","Valeur estimée",""
"FS","Données de la sécurité alimentaire","762","Tadjikistan","6121","Valeur","210041","Prévalence de la sous-alimentation (%) (moyenne sur 3 ans)","20162018","2016-2018","%","12.2","E","Valeur estimée",""
"FS","Données de la sécurité alimentaire","148","Tchad","6121","Valeur","210041","Prévalence de la sous-alimentation (%) (moyenne sur 3 ans)","20162018","2016-2018","%","26.7","E","Valeur estimée",""
"FS","Données de la sécurité alimentaire","203","Tchéquie","6121","Valeur","210041","Prévalence de la sous-alimentation (%) (moyenne sur 3 ans)","20162018","2016-2018","%","<2.5","E","Valeur estimée",""
"FS","Données de la sécurité alimentaire","764","Thaïlande","6121","Valeur","210041","Prévalence de la sous-alimentation (%) (moyenne sur 3 ans)","20162018","2016-2018","%","8.1","E","Valeur estimée",""
"FS","Données de la sécurité alimentaire","626","Timor-Leste","6121","Valeur","210041","Prévalence de la sous-alimentation (%) (moyenne sur 3 ans)","20162018","2016-2018","%","16.2","E","Valeur estimée",""
"FS","Données de la sécurité alimentaire","768","Togo","6121","Valeur","210041","Prévalence de la sous-alimentation (%) (moyenne sur 3 ans)","20162018","2016-2018","%","20.4","E","Valeur estimée",""
"FS","Données de la sécurité alimentaire","772","Tokélaou","6121","Valeur","210041","Prévalence de la sous-alimentation (%) (moyenne sur 3 ans)","20162018","2016-2018","%","","O","Valeur manquante",""
"FS","Données de la sécurité alimentaire","776","Tonga","6121","Valeur","210041","Prévalence de la sous-alimentation (%) (moyenne sur 3 ans)","20162018","2016-2018","%","","O","Valeur manquante",""
"FS","Données de la sécurité alimentaire","780","Trinité-et-Tobago","6121","Valeur","210041","Prévalence de la sous-alimentation (%) (moyenne sur 3 ans)","20162018","2016-2018","%","7.1","E","Valeur estimée",""
"FS","Données de la sécurité alimentaire","788","Tunisie","6121","Valeur","210041","Prévalence de la sous-alimentation (%) (moyenne sur 3 ans)","20162018","2016-2018","%","2.6","E","Valeur estimée",""
"FS","Données de la sécurité alimentaire","792","Türkiye","6121","Valeur","210041","Prévalence de la sous-alimentation (%) (moyenne sur 3 ans)","20162018","2016-2018","%","<2.5","E","Valeur estimée",""
"FS","Données de la sécurité alimentaire","795","Turkménistan","6121","Valeur","210041","Prévalence de la sous-alimentation (%) (moyenne sur 3 ans)","20162018","2016-2018","%","3.4","E","Valeur estimée",""
"FS","Données de la sécurité alimentaire","798","Tuvalu","6121","Valeur","210041","Prévalence de la sous-alimentation (%) (moyenne sur 3 ans)","20162018","2016-2018","%","","O","Valeur manquante",""
"FS","Données de la sécurité alimentaire","804","Ukraine","6121","Valeur","210041","Prévalence de la sous-alimentation (%) (moyenne sur 3 ans)","20162018","2016-2018","%","2.6","E","Valeur estimée",""
"FS","Données de la sécurité alimentaire","858","Uruguay","6121","Valeur","210041","Prévalence de la sous-alimentation (%) (moyenne sur 3 ans)","20162018","2016-2018","%","<2.5","E","Valeur estimée",""
"FS","Données de la sécurité alimentaire","548","Vanuatu","6121","Valeur","210041","Prévalence de la sous-alimentation (%) (moyenne sur 3 ans)","20162018","2016-2018","%","7.4","E","Valeur estimée",""
"FS","Données de la sécurité alimentaire","862","Venezuela (République bolivarienne du)","6121","Valeur","210041","Prévalence de la sous-alimentation (%) (moyenne sur 3 ans)","20162018","2016-2018","%","23.7","E","Valeur estimée",""
"FS","Données de la sécurité alimentaire","704","Viet Nam","6121","Valeur","210041","Prévalence de la sous-alimentation (%) (moyenne sur 3 ans)","20162018","2016-2018","%","7.3","E","Valeur estimée",""
"FS","Données de la sécurité alimentaire","887","Yémen","6121","Valeur","210041","Prévalence de la sous-alimentation (%) (moyenne sur 3 ans)","20162018","2016-2018","%","","O","Valeur manquante",""
"FS","Données de la sécurité alimentaire","894","Zambie","6121","Valeur","210041","Prévalence de la sous-alimentation (%) (moyenne sur 3 ans)","20162018","2016-2018","%","31.8","E","Valeur estimée",""
"FS","Données de la sécurité alimentaire","716","Zimbabwe","6121","Valeur","210041","Prévalence de la sous-alimentation (%) (moyenne sur 3 ans)","20162018","2016-2018","%","30.9","E","Valeur estimée",""
