Domain Code,Domain,Area Code (M49),Area,Element Code,Element,Item Code (CPC),Item,Year Code,Year,Unit,Value,Flag,Flag Description,Note
"TCL","Crops and livestock products","004","Afghanistan","5622","Import value","02151","Chickens","2017","2017","1000 USD","26227","A","Official figure",""
"TCL","Crops and livestock products","008","Albania","5622","Import value","02151","Chickens","2017","2017","1000 USD","3266","A","Official figure",""
"TCL","Crops and livestock products","012","Algeria","5622","Import value","02151","Chickens","2017","2017","1000 USD","19051","A","Official figure",""
"TCL","Crops and livestock products","024","Angola","5622","Import value","02151","Chickens","2017","2017","1000 USD","1814","X","Figure from external organization","Estimated data using trading partners database"
"TCL","Crops and livestock products","028","Antigua and Barbuda","5622","Import value","02151","Chickens","2017","2017","1000 USD","35","A","Official figure",""
"TCL","Crops and livestock products","028","Antigua and Barbuda","5922","Export value","02151","Chickens","2017","2017","1000 USD","6","A","Official figure",""
"TCL","Crops and livestock products","032","Argentina","5622","Import value","02151","Chickens","2017","2017","1000 USD","14940","A","Official figure",""
"TCL","Crops and livestock products","032","Argentina","5922","Export value","02151","Chickens","2017","2017","1000 USD","1445","A","Official figure",""
"TCL","Crops and livestock products","051","Armenia","5622","Import value","02151","Chickens","2017","2017","1000 USD","4169","A","Official figure",""
"TCL","Crops and livestock products","036","Australia","5922","Export value","02151","Chickens","2017","2017","1000 USD","8262","A","Official figure",""
"TCL","Crops and livestock products","040","Austria","5622","Import value","02151","Chickens","2017","2017","1000 USD","32714","A","Official figure",""
"TCL","Crops and livestock products","040","Austria","5922","Export value","02151","Chickens","2017","2017","1000 USD","13086","A","Official figure",""
"TCL","Crops and livestock products","031","Azerbaijan","5622","Import value","02151","Chickens","2017","2017","1000 USD","5083","X","Figure from external organization","Estimated data using trading partners database"
"TCL","Crops and livestock products","031","Azerbaijan","5922","Export value","02151","Chickens","2017","2017","1000 USD","59","X","Figure from external organization","Estimated data using trading partners database"
"TCL","Crops and livestock products","044","Bahamas","5622","Import value","02151","Chickens","2017","2017","1000 USD","317","A","Official figure",""
"TCL","Crops and livestock products","048","Bahrain","5622","Import value","02151","Chickens","2017","2017","1000 USD","282","A","Official figure",""
"TCL","Crops and livestock products","050","Bangladesh","5622","Import value","02151","Chickens","2017","2017","1000 USD","22282","X","Figure from external organization","Estimated data using trading partners database"
"TCL","Crops and livestock products","052","Barbados","5922","Export value","02151","Chickens","2017","2017","1000 USD","595","A","Official figure",""
"TCL","Crops and livestock products","112","Belarus","5622","Import value","02151","Chickens","2017","2017","1000 USD","9034","A","Official figure",""
"TCL","Crops and livestock products","112","Belarus","5922","Export value","02151","Chickens","2017","2017","1000 USD","299","A","Official figure",""
"TCL","Crops and livestock products","056","Belgium","5622","Import value","02151","Chickens","2017","2017","1000 USD","207538","A","Official figure",""
"TCL","Crops and livestock products","056","Belgium","5922","Export value","02151","Chickens","2017","2017","1000 USD","120048","A","Official figure",""
"TCL","Crops and livestock products","084","Belize","5622","Import value","02151","Chickens","2017","2017","1000 USD","665","X","Figure from external organization","Estimated data using trading partners database"
"TCL","Crops and livestock products","204","Benin","5622","Import value","02151","Chickens","2017","2017","1000 USD","233","A","Official figure",""
"TCL","Crops and livestock products","064","Bhutan","5622","Import value","02151","Chickens","2017","2017","1000 USD","370","A","Official figure",""
"TCL","Crops and livestock products","068","Bolivia (Plurinational State of)","5622","Import value","02151","Chickens","2017","2017","1000 USD","4727","A","Official figure",""
"TCL","Crops and livestock products","070","Bosnia and Herzegovina","5622","Import value","02151","Chickens","2017","2017","1000 USD","2605","A","Official figure",""
"TCL","Crops and livestock products","070","Bosnia and Herzegovina","5922","Export value","02151","Chickens","2017","2017","1000 USD","617","A","Official figure",""
"TCL","Crops and livestock products","072","Botswana","5622","Import value","02151","Chickens","2017","2017","1000 USD","3374","A","Official figure",""
"TCL","Crops and livestock products","072","Botswana","5922","Export value","02151","Chickens","2017","2017","1000 USD","29","A","Official figure",""
"TCL","Crops and livestock products","076","Brazil","5622","Import value","02151","Chickens","2017","2017","1000 USD","1425","A","Official figure",""
"TCL","Crops and livestock products","076","Brazil","5922","Export value","02151","Chickens","2017","2017","1000 USD","69981","A","Official figure",""
"TCL","Crops and livestock products","096","Brunei Darussalam","5622","Import value","02151","Chickens","2017","2017","1000 USD","1058","A","Official figure",""
"TCL","Crops and livestock products","100","Bulgaria","5622","Import value","02151","Chickens","2017","2017","1000 USD","4577","A","Official figure",""
"TCL","Crops and livestock products","100","Bulgaria","5922","Export value","02151","Chickens","2017","2017","1000 USD","11968","A","Official figure",""
"TCL","Crops and livestock products","854","Burkina Faso","5622","Import value","02151","Chickens","2017","2017","1000 USD","233","A","Official figure",""
"TCL","Crops and livestock products","854","Burkina Faso","5922","Export value","02151","Chickens","2017","2017","1000 USD","135","E","Estimated value",""
"TCL","Crops and livestock products","108","Burundi","5622","Import value","02151","Chickens","2017","2017","1000 USD","40","A","Official figure",""
"TCL","Crops and livestock products","132","Cabo Verde","5622","Import value","02151","Chickens","2017","2017","1000 USD","169","A","Official figure",""
"TCL","Crops and livestock products","116","Cambodia","5622","Import value","02151","Chickens","2017","2017","1000 USD","680","A","Official figure",""
"TCL","Crops and livestock products","120","Cameroon","5622","Import value","02151","Chickens","2017","2017","1000 USD","379","A","Official figure",""
"TCL","Crops and livestock products","124","Canada","5622","Import value","02151","Chickens","2017","2017","1000 USD","52627","A","Official figure",""
"TCL","Crops and livestock products","124","Canada","5922","Export value","02151","Chickens","2017","2017","1000 USD","19362","A","Official figure",""
"TCL","Crops and livestock products","140","Central African Republic","5622","Import value","02151","Chickens","2017","2017","1000 USD","261","X","Figure from external organization","Estimated data using trading partners database"
"TCL","Crops and livestock products","148","Chad","5622","Import value","02151","Chickens","2017","2017","1000 USD","292","X","Figure from external organization","Estimated data using trading partners database"
"TCL","Crops and livestock products","152","Chile","5622","Import value","02151","Chickens","2017","2017","1000 USD","5480","A","Official figure",""
"TCL","Crops and livestock products","159","China","5622","Import value","02151","Chickens","2017","2017","1000 USD","39291","E","Estimated value",""
"TCL","Crops and livestock products","159","China","5922","Export value","02151","Chickens","2017","2017","1000 USD","2234","A","Official figure",""
"TCL","Crops and livestock products","344","China, Hong Kong SAR","5622","Import value","02151","Chickens","2017","2017","1000 USD","606","A","Official figure",""
"TCL","Crops and livestock products","446","China, Macao SAR","5622","Import value","02151","Chickens","2017","2017","1000 USD","16360","E","Estimated value",""
"TCL","Crops and livestock products","156","China, mainland","5622","Import value","02151","Chickens","2017","2017","1000 USD","18653","A","Official figure",""
"TCL","Crops and livestock products","156","China, mainland","5922","Export value","02151","Chickens","2017","2017","1000 USD","2234","A","Official figure",""
"TCL","Crops and livestock products","158","China, Taiwan Province of","5622","Import value","02151","Chickens","2017","2017","1000 USD","3672","A","Official figure",""
"TCL","Crops and livestock products","158","China, Taiwan Province of","5922","Export value","02151","Chickens","2017","2017","1000 USD","0","A","Official figure",""
"TCL","Crops and livestock products","170","Colombia","5622","Import value","02151","Chickens","2017","2017","1000 USD","12113","A","Official figure",""
"TCL","Crops and livestock products","170","Colombia","5922","Export value","02151","Chickens","2017","2017","1000 USD","738","A","Official figure",""
"TCL","Crops and livestock products","174","Comoros","5622","Import value","02151","Chickens","2017","2017","1000 USD","45","A","Official figure",""
"TCL","Crops and livestock products","178","Congo","5622","Import value","02151","Chickens","2017","2017","1000 USD","125","A","Official figure",""
"TCL","Crops and livestock products","184","Cook Islands","5622","Import value","02151","Chickens","2017","2017","1000 USD","2","X","Figure from external organization","Estimated data using trading partners database"
"TCL","Crops and livestock products","188","Costa Rica","5622","Import value","02151","Chickens","2017","2017","1000 USD","6480","A","Official figure",""
"TCL","Crops and livestock products","188","Costa Rica","5922","Export value","02151","Chickens","2017","2017","1000 USD","6063","A","Official figure",""
"TCL","Crops and livestock products","384","Côte d'Ivoire","5622","Import value","02151","Chickens","2017","2017","1000 USD","3825","A","Official figure",""
"TCL","Crops and livestock products","384","Côte d'Ivoire","5922","Export value","02151","Chickens","2017","2017","1000 USD","2","A","Official figure",""
"TCL","Crops and livestock products","191","Croatia","5622","Import value","02151","Chickens","2017","2017","1000 USD","5999","A","Official figure",""
"TCL","Crops and livestock products","191","Croatia","5922","Export value","02151","Chickens","2017","2017","1000 USD","8231","A","Official figure",""
"TCL","Crops and livestock products","196","Cyprus","5622","Import value","02151","Chickens","2017","2017","1000 USD","311","A","Official figure",""
"TCL","Crops and livestock products","203","Czechia","5622","Import value","02151","Chickens","2017","2017","1000 USD","23398","A","Official figure",""
"TCL","Crops and livestock products","203","Czechia","5922","Export value","02151","Chickens","2017","2017","1000 USD","61147","A","Official figure",""
"TCL","Crops and livestock products","180","Democratic Republic of the Congo","5622","Import value","02151","Chickens","2017","2017","1000 USD","558","A","Official figure",""
"TCL","Crops and livestock products","180","Democratic Republic of the Congo","5922","Export value","02151","Chickens","2017","2017","1000 USD","17","A","Official figure",""
"TCL","Crops and livestock products","208","Denmark","5622","Import value","02151","Chickens","2017","2017","1000 USD","9861","A","Official figure",""
"TCL","Crops and livestock products","208","Denmark","5922","Export value","02151","Chickens","2017","2017","1000 USD","83462","A","Official figure",""
"TCL","Crops and livestock products","212","Dominica","5622","Import value","02151","Chickens","2017","2017","1000 USD","161","X","Figure from external organization","Estimated data using trading partners database"
"TCL","Crops and livestock products","214","Dominican Republic","5622","Import value","02151","Chickens","2017","2017","1000 USD","3178","A","Official figure",""
"TCL","Crops and livestock products","214","Dominican Republic","5922","Export value","02151","Chickens","2017","2017","1000 USD","6831","A","Official figure",""
"TCL","Crops and livestock products","218","Ecuador","5622","Import value","02151","Chickens","2017","2017","1000 USD","16405","A","Official figure",""
"TCL","Crops and livestock products","818","Egypt","5622","Import value","02151","Chickens","2017","2017","1000 USD","2000","E","Estimated value",""
"TCL","Crops and livestock products","818","Egypt","5922","Export value","02151","Chickens","2017","2017","1000 USD","5","A","Official figure",""
"TCL","Crops and livestock products","222","El Salvador","5622","Import value","02151","Chickens","2017","2017","1000 USD","6402","A","Official figure",""
"TCL","Crops and livestock products","222","El Salvador","5922","Export value","02151","Chickens","2017","2017","1000 USD","5578","A","Official figure",""
"TCL","Crops and livestock products","226","Equatorial Guinea","5622","Import value","02151","Chickens","2017","2017","1000 USD","31","X","Figure from external organization","Estimated data using trading partners database"
"TCL","Crops and livestock products","232","Eritrea","5622","Import value","02151","Chickens","2017","2017","1000 USD","287","X","Figure from external organization","Estimated data using trading partners database"
"TCL","Crops and livestock products","232","Eritrea","5922","Export value","02151","Chickens","2017","2017","1000 USD","177","X","Figure from external organization","Estimated data using trading partners database"
"TCL","Crops and livestock products","233","Estonia","5622","Import value","02151","Chickens","2017","2017","1000 USD","1585","A","Official figure",""
"TCL","Crops and livestock products","233","Estonia","5922","Export value","02151","Chickens","2017","2017","1000 USD","87","A","Official figure",""
"TCL","Crops and livestock products","748","Eswatini","5622","Import value","02151","Chickens","2017","2017","1000 USD","702","A","Official figure",""
"TCL","Crops and livestock products","748","Eswatini","5922","Export value","02151","Chickens","2017","2017","1000 USD","797","A","Official figure",""
"TCL","Crops and livestock products","231","Ethiopia","5622","Import value","02151","Chickens","2017","2017","1000 USD","91","A","Official figure",""
"TCL","Crops and livestock products","234","Faroe Islands","5622","Import value","02151","Chickens","2017","2017","1000 USD","20","X","Figure from external organization","Estimated data using trading partners database"
"TCL","Crops and livestock products","242","Fiji","5622","Import value","02151","Chickens","2017","2017","1000 USD","1772","A","Official figure",""
"TCL","Crops and livestock products","246","Finland","5622","Import value","02151","Chickens","2017","2017","1000 USD","1212","A","Official figure",""
"TCL","Crops and livestock products","246","Finland","5922","Export value","02151","Chickens","2017","2017","1000 USD","53","A","Official figure",""
"TCL","Crops and livestock products","250","France","5622","Import value","02151","Chickens","2017","2017","1000 USD","26061","A","Official figure",""
"TCL","Crops and livestock products","250","France","5922","Export value","02151","Chickens","2017","2017","1000 USD","169977","A","Official figure",""
"TCL","Crops and livestock products","258","French Polynesia","5622","Import value","02151","Chickens","2017","2017","1000 USD","506","A","Official figure",""
"TCL","Crops and livestock products","266","Gabon","5622","Import value","02151","Chickens","2017","2017","1000 USD","317","X","Figure from external organization","Estimated data using trading partners database"
"TCL","Crops and livestock products","270","Gambia","5622","Import value","02151","Chickens","2017","2017","1000 USD","1","A","Official figure",""
"TCL","Crops and livestock products","268","Georgia","5622","Import value","02151","Chickens","2017","2017","1000 USD","3364","A","Official figure",""
"TCL","Crops and livestock products","268","Georgia","5922","Export value","02151","Chickens","2017","2017","1000 USD","1176","A","Official figure",""
"TCL","Crops and livestock products","276","Germany","5622","Import value","02151","Chickens","2017","2017","1000 USD","193759","A","Official figure",""
"TCL","Crops and livestock products","276","Germany","5922","Export value","02151","Chickens","2017","2017","1000 USD","654322","A","Official figure",""
"TCL","Crops and livestock products","288","Ghana","5622","Import value","02151","Chickens","2017","2017","1000 USD","8247","A","Official figure",""
"TCL","Crops and livestock products","288","Ghana","5922","Export value","02151","Chickens","2017","2017","1000 USD","2","A","Official figure",""
"TCL","Crops and livestock products","300","Greece","5622","Import value","02151","Chickens","2017","2017","1000 USD","5093","A","Official figure",""
"TCL","Crops and livestock products","300","Greece","5922","Export value","02151","Chickens","2017","2017","1000 USD","2355","A","Official figure",""
"TCL","Crops and livestock products","308","Grenada","5622","Import value","02151","Chickens","2017","2017","1000 USD","255","A","Official figure",""
"TCL","Crops and livestock products","320","Guatemala","5622","Import value","02151","Chickens","2017","2017","1000 USD","14151","A","Official figure",""
"TCL","Crops and livestock products","320","Guatemala","5922","Export value","02151","Chickens","2017","2017","1000 USD","1793","A","Official figure",""
"TCL","Crops and livestock products","324","Guinea","5622","Import value","02151","Chickens","2017","2017","1000 USD","1588","X","Figure from external organization","Estimated data using trading partners database"
"TCL","Crops and livestock products","624","Guinea-Bissau","5622","Import value","02151","Chickens","2017","2017","1000 USD","20","X","Figure from external organization","Estimated data using trading partners database"
"TCL","Crops and livestock products","328","Guyana","5622","Import value","02151","Chickens","2017","2017","1000 USD","87","A","Official figure",""
"TCL","Crops and livestock products","332","Haiti","5622","Import value","02151","Chickens","2017","2017","1000 USD","7700","X","Figure from external organization","Estimated data using trading partners database"
"TCL","Crops and livestock products","340","Honduras","5622","Import value","02151","Chickens","2017","2017","1000 USD","5886","A","Official figure",""
"TCL","Crops and livestock products","340","Honduras","5922","Export value","02151","Chickens","2017","2017","1000 USD","722","A","Official figure",""
"TCL","Crops and livestock products","348","Hungary","5622","Import value","02151","Chickens","2017","2017","1000 USD","54418","A","Official figure",""
"TCL","Crops and livestock products","348","Hungary","5922","Export value","02151","Chickens","2017","2017","1000 USD","76844","A","Official figure",""
"TCL","Crops and livestock products","356","India","5622","Import value","02151","Chickens","2017","2017","1000 USD","2587","A","Official figure",""
"TCL","Crops and livestock products","356","India","5922","Export value","02151","Chickens","2017","2017","1000 USD","150","A","Official figure",""
"TCL","Crops and livestock products","360","Indonesia","5622","Import value","02151","Chickens","2017","2017","1000 USD","20940","A","Official figure",""
"TCL","Crops and livestock products","360","Indonesia","5922","Export value","02151","Chickens","2017","2017","1000 USD","1","A","Official figure",""
"TCL","Crops and livestock products","364","Iran (Islamic Republic of)","5622","Import value","02151","Chickens","2017","2017","1000 USD","9511","A","Official figure",""
"TCL","Crops and livestock products","364","Iran (Islamic Republic of)","5922","Export value","02151","Chickens","2017","2017","1000 USD","9524","A","Official figure",""
"TCL","Crops and livestock products","368","Iraq","5622","Import value","02151","Chickens","2017","2017","1000 USD","2092","X","Figure from external organization","Estimated data using trading partners database"
"TCL","Crops and livestock products","368","Iraq","5922","Export value","02151","Chickens","2017","2017","1000 USD","570","X","Figure from external organization","Estimated data using trading partners database"
"TCL","Crops and livestock products","372","Ireland","5622","Import value","02151","Chickens","2017","2017","1000 USD","6194","A","Official figure",""
"TCL","Crops and livestock products","372","Ireland","5922","Export value","02151","Chickens","2017","2017","1000 USD","12208","A","Official figure",""
"TCL","Crops and livestock products","376","Israel","5622","Import value","02151","Chickens","2017","2017","1000 USD","8221","A","Official figure",""
"TCL","Crops and livestock products","376","Israel","5922","Export value","02151","Chickens","2017","2017","1000 USD","32","A","Official figure",""
"TCL","Crops and livestock products","380","Italy","5622","Import value","02151","Chickens","2017","2017","1000 USD","14882","A","Official figure",""
"TCL","Crops and livestock products","380","Italy","5922","Export value","02151","Chickens","2017","2017","1000 USD","8492","A","Official figure",""
"TCL","Crops and livestock products","388","Jamaica","5622","Import value","02151","Chickens","2017","2017","1000 USD","693","A","Official figure",""
"TCL","Crops and livestock products","392","Japan","5622","Import value","02151","Chickens","2017","2017","1000 USD","7082","A","Official figure",""
"TCL","Crops and livestock products","392","Japan","5922","Export value","02151","Chickens","2017","2017","1000 USD","7","A","Official figure",""
"TCL","Crops and livestock products","400","Jordan","5622","Import value","02151","Chickens","2017","2017","1000 USD","6345","A","Official figure",""
"TCL","Crops and livestock products","400","Jordan","5922","Export value","02151","Chickens","2017","2017","1000 USD","1570","A","Official figure",""
"TCL","Crops and livestock products","398","Kazakhstan","5622","Import value","02151","Chickens","2017","2017","1000 USD","10008","A","Official figure",""
"TCL","Crops and livestock products","398","Kazakhstan","5922","Export value","02151","Chickens","2017","2017","1000 USD","173","A","Official figure",""
"TCL","Crops and livestock products","404","Kenya","5622","Import value","02151","Chickens","2017","2017","1000 USD","732","A","Official figure",""
"TCL","Crops and livestock products","404","Kenya","5922","Export value","02151","Chickens","2017","2017","1000 USD","764","A","Official figure",""
"TCL","Crops and livestock products","414","Kuwait","5622","Import value","02151","Chickens","2017","2017","1000 USD","5836","A","Official figure",""
"TCL","Crops and livestock products","414","Kuwait","5922","Export value","02151","Chickens","2017","2017","1000 USD","90","A","Official figure",""
"TCL","Crops and livestock products","417","Kyrgyzstan","5622","Import value","02151","Chickens","2017","2017","1000 USD","408","A","Official figure",""
"TCL","Crops and livestock products","418","Lao People's Democratic Republic","5622","Import value","02151","Chickens","2017","2017","1000 USD","1038","A","Official figure",""
"TCL","Crops and livestock products","418","Lao People's Democratic Republic","5922","Export value","02151","Chickens","2017","2017","1000 USD","122","A","Official figure",""
"TCL","Crops and livestock products","428","Latvia","5622","Import value","02151","Chickens","2017","2017","1000 USD","1934","A","Official figure",""
"TCL","Crops and livestock products","428","Latvia","5922","Export value","02151","Chickens","2017","2017","1000 USD","1202","A","Official figure",""
"TCL","Crops and livestock products","422","Lebanon","5622","Import value","02151","Chickens","2017","2017","1000 USD","5989","A","Official figure",""
"TCL","Crops and livestock products","422","Lebanon","5922","Export value","02151","Chickens","2017","2017","1000 USD","0","A","Official figure",""
"TCL","Crops and livestock products","426","Lesotho","5622","Import value","02151","Chickens","2017","2017","1000 USD","1853","A","Official figure",""
"TCL","Crops and livestock products","430","Liberia","5622","Import value","02151","Chickens","2017","2017","1000 USD","10","X","Figure from external organization","Estimated data using trading partners database"
"TCL","Crops and livestock products","434","Libya","5622","Import value","02151","Chickens","2017","2017","1000 USD","1","A","Official figure",""
"TCL","Crops and livestock products","440","Lithuania","5622","Import value","02151","Chickens","2017","2017","1000 USD","7609","A","Official figure",""
"TCL","Crops and livestock products","440","Lithuania","5922","Export value","02151","Chickens","2017","2017","1000 USD","895","A","Official figure",""
"TCL","Crops and livestock products","442","Luxembourg","5622","Import value","02151","Chickens","2017","2017","1000 USD","418","A","Official figure",""
"TCL","Crops and livestock products","442","Luxembourg","5922","Export value","02151","Chickens","2017","2017","1000 USD","370","A","Official figure",""
"TCL","Crops and livestock products","450","Madagascar","5622","Import value","02151","Chickens","2017","2017","1000 USD","826","A","Official figure",""
"TCL","Crops and livestock products","450","Madagascar","5922","Export value","02151","Chickens","2017","2017","1000 USD","42","A","Official figure",""
"TCL","Crops and livestock products","454","Malawi","5622","Import value","02151","Chickens","2017","2017","1000 USD","1111","A","Official figure",""
"TCL","Crops and livestock products","454","Malawi","5922","Export value","02151","Chickens","2017","2017","1000 USD","109","A","Official figure",""
"TCL","Crops and livestock products","458","Malaysia","5622","Import value","02151","Chickens","2017","2017","1000 USD","16352","A","Official figure",""
"TCL","Crops and livestock products","458","Malaysia","5922","Export value","02151","Chickens","2017","2017","1000 USD","143184","A","Official figure",""
"TCL","Crops and livestock products","462","Maldives","5622","Import value","02151","Chickens","2017","2017","1000 USD","14","A","Official figure",""
"TCL","Crops and livestock products","466","Mali","5622","Import value","02151","Chickens","2017","2017","1000 USD","4237","A","Official figure",""
"TCL","Crops and livestock products","466","Mali","5922","Export value","02151","Chickens","2017","2017","1000 USD","2157","A","Official figure",""
"TCL","Crops and livestock products","470","Malta","5622","Import value","02151","Chickens","2017","2017","1000 USD","69","A","Official figure",""
"TCL","Crops and livestock products","478","Mauritania","5622","Import value","02151","Chickens","2017","2017","1000 USD","92","A","Official figure",""
"TCL","Crops and livestock products","480","Mauritius","5622","Import value","02151","Chickens","2017","2017","1000 USD","1025","A","Official figure",""
"TCL","Crops and livestock products","480","Mauritius","5922","Export value","02151","Chickens","2017","2017","1000 USD","565","A","Official figure",""
"TCL","Crops and livestock products","484","Mexico","5622","Import value","02151","Chickens","2017","2017","1000 USD","25837","A","Official figure",""
"TCL","Crops and livestock products","496","Mongolia","5622","Import value","02151","Chickens","2017","2017","1000 USD","309","A","Official figure",""
"TCL","Crops and livestock products","499","Montenegro","5622","Import value","02151","Chickens","2017","2017","1000 USD","1405","A","Official figure",""
"TCL","Crops and livestock products","499","Montenegro","5922","Export value","02151","Chickens","2017","2017","1000 USD","71","A","Official figure",""
"TCL","Crops and livestock products","504","Morocco","5622","Import value","02151","Chickens","2017","2017","1000 USD","17181","A","Official figure",""
"TCL","Crops and livestock products","504","Morocco","5922","Export value","02151","Chickens","2017","2017","1000 USD","384","A","Official figure",""
"TCL","Crops and livestock products","508","Mozambique","5622","Import value","02151","Chickens","2017","2017","1000 USD","3079","X","Figure from external organization","Estimated data using trading partners database"
"TCL","Crops and livestock products","104","Myanmar","5622","Import value","02151","Chickens","2017","2017","1000 USD","4984","A","Official figure",""
"TCL","Crops and livestock products","104","Myanmar","5922","Export value","02151","Chickens","2017","2017","1000 USD","480","A","Official figure",""
"TCL","Crops and livestock products","516","Namibia","5622","Import value","02151","Chickens","2017","2017","1000 USD","1550","A","Official figure",""
"TCL","Crops and livestock products","516","Namibia","5922","Export value","02151","Chickens","2017","2017","1000 USD","0","A","Official figure",""
"TCL","Crops and livestock products","524","Nepal","5622","Import value","02151","Chickens","2017","2017","1000 USD","7897","X","Figure from external organization","Estimated data using trading partners database"
"TCL","Crops and livestock products","528","Netherlands (Kingdom of the)","5622","Import value","02151","Chickens","2017","2017","1000 USD","787855","A","Official figure",""
"TCL","Crops and livestock products","528","Netherlands (Kingdom of the)","5922","Export value","02151","Chickens","2017","2017","1000 USD","373088","A","Official figure",""
"TCL","Crops and livestock products","540","New Caledonia","5622","Import value","02151","Chickens","2017","2017","1000 USD","46","X","Figure from external organization","Estimated data using trading partners database"
"TCL","Crops and livestock products","554","New Zealand","5922","Export value","02151","Chickens","2017","2017","1000 USD","20771","A","Official figure",""
"TCL","Crops and livestock products","558","Nicaragua","5622","Import value","02151","Chickens","2017","2017","1000 USD","7898","A","Official figure",""
"TCL","Crops and livestock products","558","Nicaragua","5922","Export value","02151","Chickens","2017","2017","1000 USD","37","A","Official figure",""
"TCL","Crops and livestock products","562","Niger","5622","Import value","02151","Chickens","2017","2017","1000 USD","44","A","Official figure",""
"TCL","Crops and livestock products","562","Niger","5922","Export value","02151","Chickens","2017","2017","1000 USD","0","A","Official figure",""
"TCL","Crops and livestock products","566","Nigeria","5622","Import value","02151","Chickens","2017","2017","1000 USD","596","X","Figure from external organization","Estimated data using trading partners database"
"TCL","Crops and livestock products","566","Nigeria","5922","Export value","02151","Chickens","2017","2017","1000 USD","0","X","Figure from external organization","Estimated data using trading partners database"
"TCL","Crops and livestock products","807","North Macedonia","5622","Import value","02151","Chickens","2017","2017","1000 USD","951","A","Official figure",""
"TCL","Crops and livestock products","578","Norway","5622","Import value","02151","Chickens","2017","2017","1000 USD","457","A","Official figure",""
"TCL","Crops and livestock products","512","Oman","5622","Import value","02151","Chickens","2017","2017","1000 USD","3025","A","Official figure",""
"TCL","Crops and livestock products","512","Oman","5922","Export value","02151","Chickens","2017","2017","1000 USD","66","A","Official figure",""
"TCL","Crops and livestock products","586","Pakistan","5622","Import value","02151","Chickens","2017","2017","1000 USD","13629","A","Official figure",""
"TCL","Crops and livestock products","586","Pakistan","5922","Export value","02151","Chickens","2017","2017","1000 USD","3806","A","Official figure",""
"TCL","Crops and livestock products","275","Palestine","5622","Import value","02151","Chickens","2017","2017","1000 USD","1470","A","Official figure",""
"TCL","Crops and livestock products","591","Panama","5622","Import value","02151","Chickens","2017","2017","1000 USD","6265","A","Official figure",""
"TCL","Crops and livestock products","591","Panama","5922","Export value","02151","Chickens","2017","2017","1000 USD","37","A","Official figure",""
"TCL","Crops and livestock products","598","Papua New Guinea","5622","Import value","02151","Chickens","2017","2017","1000 USD","1028","X","Figure from external organization","Estimated data using trading partners database"
"TCL","Crops and livestock products","600","Paraguay","5622","Import value","02151","Chickens","2017","2017","1000 USD","6831","A","Official figure",""
"TCL","Crops and livestock products","604","Peru","5622","Import value","02151","Chickens","2017","2017","1000 USD","12440","A","Official figure",""
"TCL","Crops and livestock products","604","Peru","5922","Export value","02151","Chickens","2017","2017","1000 USD","310","A","Official figure",""
"TCL","Crops and livestock products","608","Philippines","5922","Export value","02151","Chickens","2017","2017","1000 USD","410","A","Official figure",""
"TCL","Crops and livestock products","616","Poland","5622","Import value","02151","Chickens","2017","2017","1000 USD","106814","A","Official figure",""
"TCL","Crops and livestock products","616","Poland","5922","Export value","02151","Chickens","2017","2017","1000 USD","19313","A","Official figure",""
"TCL","Crops and livestock products","620","Portugal","5622","Import value","02151","Chickens","2017","2017","1000 USD","19108","A","Official figure",""
"TCL","Crops and livestock products","620","Portugal","5922","Export value","02151","Chickens","2017","2017","1000 USD","20607","A","Official figure",""
"TCL","Crops and livestock products","634","Qatar","5622","Import value","02151","Chickens","2017","2017","1000 USD","467","A","Official figure",""
"TCL","Crops and livestock products","410","Republic of Korea","5622","Import value","02151","Chickens","2017","2017","1000 USD","22636","A","Official figure",""
"TCL","Crops and livestock products","410","Republic of Korea","5922","Export value","02151","Chickens","2017","2017","1000 USD","68","A","Official figure",""
"TCL","Crops and livestock products","498","Republic of Moldova","5622","Import value","02151","Chickens","2017","2017","1000 USD","2155","A","Official figure",""
"TCL","Crops and livestock products","642","Romania","5622","Import value","02151","Chickens","2017","2017","1000 USD","46612","A","Official figure",""
"TCL","Crops and livestock products","642","Romania","5922","Export value","02151","Chickens","2017","2017","1000 USD","30777","A","Official figure",""
"TCL","Crops and livestock products","643","Russian Federation","5622","Import value","02151","Chickens","2017","2017","1000 USD","30095","A","Official figure",""
"TCL","Crops and livestock products","643","Russian Federation","5922","Export value","02151","Chickens","2017","2017","1000 USD","13226","A","Official figure",""
"TCL","Crops and livestock products","646","Rwanda","5622","Import value","02151","Chickens","2017","2017","1000 USD","754","A","Official figure",""
"TCL","Crops and livestock products","646","Rwanda","5922","Export value","02151","Chickens","2017","2017","1000 USD","3","A","Official figure",""
"TCL","Crops and livestock products","659","Saint Kitts and Nevis","5622","Import value","02151","Chickens","2017","2017","1000 USD","71","A","Official figure",""
"TCL","Crops and livestock products","662","Saint Lucia","5622","Import value","02151","Chickens","2017","2017","1000 USD","53","A","Official figure",""
"TCL","Crops and livestock products","670","Saint Vincent and the Grenadines","5622","Import value","02151","Chickens","2017","2017","1000 USD","94","A","Official figure",""
"TCL","Crops and livestock products","882","Samoa","5622","Import value","02151","Chickens","2017","2017","1000 USD","149","A","Official figure",""
"TCL","Crops and livestock products","678","Sao Tome and Principe","5622","Import value","02151","Chickens","2017","2017","1000 USD","68","A","Official figure",""
"TCL","Crops and livestock products","682","Saudi Arabia","5622","Import value","02151","Chickens","2017","2017","1000 USD","17495","A","Official figure",""
"TCL","Crops and livestock products","682","Saudi Arabia","5922","Export value","02151","Chickens","2017","2017","1000 USD","12897","A","Official figure",""
"TCL","Crops and livestock products","686","Senegal","5622","Import value","02151","Chickens","2017","2017","1000 USD","716","A","Official figure",""
"TCL","Crops and livestock products","686","Senegal","5922","Export value","02151","Chickens","2017","2017","1000 USD","129","A","Official figure",""
"TCL","Crops and livestock products","688","Serbia","5622","Import value","02151","Chickens","2017","2017","1000 USD","6815","A","Official figure",""
"TCL","Crops and livestock products","688","Serbia","5922","Export value","02151","Chickens","2017","2017","1000 USD","2143","A","Official figure",""
"TCL","Crops and livestock products","690","Seychelles","5622","Import value","02151","Chickens","2017","2017","1000 USD","190","A","Official figure",""
"TCL","Crops and livestock products","694","Sierra Leone","5622","Import value","02151","Chickens","2017","2017","1000 USD","220","X","Figure from external organization","Estimated data using trading partners database"
"TCL","Crops and livestock products","702","Singapore","5622","Import value","02151","Chickens","2017","2017","1000 USD","138697","A","Official figure",""
"TCL","Crops and livestock products","703","Slovakia","5622","Import value","02151","Chickens","2017","2017","1000 USD","33057","A","Official figure",""
"TCL","Crops and livestock products","703","Slovakia","5922","Export value","02151","Chickens","2017","2017","1000 USD","36380","A","Official figure",""
"TCL","Crops and livestock products","705","Slovenia","5622","Import value","02151","Chickens","2017","2017","1000 USD","5828","A","Official figure",""
"TCL","Crops and livestock products","705","Slovenia","5922","Export value","02151","Chickens","2017","2017","1000 USD","1731","A","Official figure",""
"TCL","Crops and livestock products","706","Somalia","5622","Import value","02151","Chickens","2017","2017","1000 USD","16","X","Figure from external organization","Estimated data using trading partners database"
"TCL","Crops and livestock products","710","South Africa","5622","Import value","02151","Chickens","2017","2017","1000 USD","7394","A","Official figure",""
"TCL","Crops and livestock products","710","South Africa","5922","Export value","02151","Chickens","2017","2017","1000 USD","7992","A","Official figure",""
"TCL","Crops and livestock products","728","South Sudan","5622","Import value","02151","Chickens","2017","2017","1000 USD","5","X","Figure from external organization","Estimated data using trading partners database"
"TCL","Crops and livestock products","724","Spain","5622","Import value","02151","Chickens","2017","2017","1000 USD","48616","A","Official figure",""
"TCL","Crops and livestock products","724","Spain","5922","Export value","02151","Chickens","2017","2017","1000 USD","62709","A","Official figure",""
"TCL","Crops and livestock products","144","Sri Lanka","5622","Import value","02151","Chickens","2017","2017","1000 USD","3628","A","Official figure",""
"TCL","Crops and livestock products","144","Sri Lanka","5922","Export value","02151","Chickens","2017","2017","1000 USD","861","A","Official figure",""
"TCL","Crops and livestock products","729","Sudan","5622","Import value","02151","Chickens","2017","2017","1000 USD","3087","A","Official figure",""
"TCL","Crops and livestock products","740","Suriname","5622","Import value","02151","Chickens","2017","2017","1000 USD","328","A","Official figure",""
"TCL","Crops and livestock products","740","Suriname","5922","Export value","02151","Chickens","2017","2017","1000 USD","8","A","Official figure",""
"TCL","Crops and livestock products","752","Sweden","5622","Import value","02151","Chickens","2017","2017","1000 USD","5366","A","Official figure",""
"TCL","Crops and livestock products","752","Sweden","5922","Export value","02151","Chickens","2017","2017","1000 USD","14212","A","Official figure",""
"TCL","Crops and livestock products","756","Switzerland","5622","Import value","02151","Chickens","2017","2017","1000 USD","2515","A","Official figure",""
"TCL","Crops and livestock products","756","Switzerland","5922","Export value","02151","Chickens","2017","2017","1000 USD","832","A","Official figure",""
"TCL","Crops and livestock products","760","Syrian Arab Republic","5622","Import value","02151","Chickens","2017","2017","1000 USD","25730","X","Figure from external organization","Estimated data using trading partners database"
"TCL","Crops and livestock products","762","Tajikistan","5622","Import value","02151","Chickens","2017","2017","1000 USD","461","A","Official figure",""
"TCL","Crops and livestock products","762","Tajikistan","5922","Export value","02151","Chickens","2017","2017","1000 USD","7","A","Official figure",""
"TCL","Crops and livestock products","764","Thailand","5622","Import value","02151","Chickens","2017","2017","1000 USD","24971","A","Official figure",""
"TCL","Crops and livestock products","764","Thailand","5922","Export value","02151","Chickens","2017","2017","1000 USD","9362","A","Official figure",""
"TCL","Crops and livestock products","626","Timor-Leste","5622","Import value","02151","Chickens","2017","2017","1000 USD","4","A","Official figure",""
"TCL","Crops and livestock products","768","Togo","5622","Import value","02151","Chickens","2017","2017","1000 USD","114","A","Official figure",""
"TCL","Crops and livestock products","776","Tonga","5622","Import value","02151","Chickens","2017","2017","1000 USD","15","X","Figure from external organization","Estimated data using trading partners database"
"TCL","Crops and livestock products","780","Trinidad and Tobago","5622","Import value","02151","Chickens","2017","2017","1000 USD","642","A","Official figure",""
"TCL","Crops and livestock products","788","Tunisia","5622","Import value","02151","Chickens","2017","2017","1000 USD","3679","A","Official figure",""
"TCL","Crops and livestock products","792","Türkiye","5622","Import value","02151","Chickens","2017","2017","1000 USD","9249","A","Official figure",""
"TCL","Crops and livestock products","792","Türkiye","5922","Export value","02151","Chickens","2017","2017","1000 USD","30988","A","Official figure",""
"TCL","Crops and livestock products","795","Turkmenistan","5622","Import value","02151","Chickens","2017","2017","1000 USD","8723","X","Figure from external organization","Estimated data using trading partners database"
"TCL","Crops and livestock products","800","Uganda","5622","Import value","02151","Chickens","2017","2017","1000 USD","3571","A","Official figure",""
"TCL","Crops and livestock products","800","Uganda","5922","Export value","02151","Chickens","2017","2017","1000 USD","12","A","Official figure",""
"TCL","Crops and livestock products","804","Ukraine","5622","Import value","02151","Chickens","2017","2017","1000 USD","41215","A","Official figure",""
"TCL","Crops and livestock products","804","Ukraine","5922","Export value","02151","Chickens","2017","2017","1000 USD","52","A","Official figure",""
"TCL","Crops and livestock products","784","United Arab Emirates","5622","Import value","02151","Chickens","2017","2017","1000 USD","2297","X","Figure from external organization","Estimated data using trading partners database"
"TCL","Crops and livestock products","784","United Arab Emirates","5922","Export value","02151","Chickens","2017","2017","1000 USD","1012","X","Figure from external organization","Estimated data using trading partners database"
"TCL","Crops and livestock products","826","United Kingdom of Great Britain and Northern Ireland","5622","Import value","02151","Chickens","2017","2017","1000 USD","39531","A","Official figure",""
"TCL","Crops and livestock products","826","United Kingdom of Great Britain and Northern Ireland","5922","Export value","02151","Chickens","2017","2017","1000 USD","136834","A","Official figure",""
"TCL","Crops and livestock products","834","United Republic of Tanzania","5622","Import value","02151","Chickens","2017","2017","1000 USD","2076","A","Official figure",""
"TCL","Crops and livestock products","834","United Republic of Tanzania","5922","Export value","02151","Chickens","2017","2017","1000 USD","350","A","Official figure",""
"TCL","Crops and livestock products","840","United States of America","5622","Import value","02151","Chickens","2017","2017","1000 USD","8580","A","Official figure",""
"TCL","Crops and livestock products","840","United States of America","5922","Export value","02151","Chickens","2017","2017","1000 USD","190166","A","Official figure",""
"TCL","Crops and livestock products","858","Uruguay","5622","Import value","02151","Chickens","2017","2017","1000 USD","2656","A","Official figure",""
"TCL","Crops and livestock products","860","Uzbekistan","5622","Import value","02151","Chickens","2017","2017","1000 USD","9154","A","Official figure",""
"TCL","Crops and livestock products","548","Vanuatu","5622","Import value","02151","Chickens","2017","2017","1000 USD","68","X","Figure from external organization","Estimated data using trading partners database"
"TCL","Crops and livestock products","862","Venezuela (Bolivarian Republic of)","5622","Import value","02151","Chickens","2017","2017","1000 USD","1655","A","Official figure",""
"TCL","Crops and livestock products","704","Viet Nam","5622","Import value","02151","Chickens","2017","2017","1000 USD","9832","A","Official figure",""
"TCL","Crops and livestock products","704","Viet Nam","5922","Export value","02151","Chickens","2017","2017","1000 USD","461","A","Official figure",""
"TCL","Crops and livestock products","887","Yemen","5622","Import value","02151","Chickens","2017","2017","1000 USD","7000","E","Estimated value",""
"TCL","Crops and livestock products","894","Zambia","5622","Import value","02151","Chickens","2017","2017","1000 USD","3498","A","Official figure",""
"TCL","Crops and livestock products","894","Zambia","5922","Export value","02151","Chickens","2017","2017","1000 USD","3863","A","Official figure",""
"TCL","Crops and livestock products","716","Zimbabwe","5622","Import value","02151","Chickens","2017","2017","1000 USD","2064","A","Official figure",""
"TCL","Crops and livestock products","716","Zimbabwe","5922","Export value","02151","Chickens","2017","2017","1000 USD","653","A","Official figure",""
