Zone,ISO3,Population,disponibilite_volaille,PIB_habitant,Stabilité_Politique,inflation,index_ouverture,index_log,Balance_commerciale,distance_france_km,Population_log,PIB_habitant_log,Stabilité_Politique_log,inflation_log,distance_france_log,index_ouverture_log,disponibilite_volaille_log
Afghanistan,AFG,35688941,27637.84,525.469770891619,-1.4421872,4.97595150553832,,1.790851,-26227.0,5596.702065161045,17.39035145086892,6.266193914715114,,1.7877433329278314,8.630111447001529,,10.226977308838835
Africa (UN),UN_AFR,1282902113,,,,,,,,,20.97239062504735,,,,,,
Albania,ALB,2898245,14414.11,5006.36012951959,0.256049,1.98666133171194,76.7873817898989,2.460908,-3266.0,1603.3270484436882,14.879616284388506,8.518664134952077,0.22797108002388336,1.0941561520599712,7.380459663181049,4.353979230239982,9.57603224098338
Algeria,DZA,41689302,400005.8,4554.66753957828,-0.5231578,5.59111590961663,49.8208161712587,2.209783,-19051.0,1336.701247910628,17.54575513107966,8.424127349906744,-0.7405696604360755,1.8857226679600452,7.198707933178902,3.9283060378035666,12.899236825945621
American Samoa,ASM,51605,,11863.6839452565,0.7664249,,161.437908496732,,,,10.851393223779535,9.381321530947147,0.5689576734686761,,,5.090295827191818,
Americas (UN),,1000714164,,,,,,,,,20.72397974705194,,,,,,
Andorra,AND,73780,,40672.9717424447,1.7990398,,,,,709.6041407395443,11.208856524867436,10.613343651926142,1.0292764297962809,,6.566115510673164,,
Angola,AGO,30234836,40460.72,2790.71886869768,-0.968115699999999,29.8444799015679,44.9963253203189,1.847173,-1814.0,6479.116601492721,17.224505360571893,7.934412767085319,-3.4456415533526785,3.428957800842279,8.776493783241948,3.8285615089572778,10.60811162094026
Anguilla,AIA,14450,,,0.7664249,,,,,6711.843549686617,9.57851889529833,,0.5689576734686761,,8.811777918093899,,
Antigua and Barbuda,ATG,90483,23.48,16965.7288273816,-0.2661901,2.43248789041362,127.664323582144,,-29.0,6709.1587991470415,11.412928318477727,9.739009577560156,-0.3095052757374093,1.2332853307334803,8.81137789572847,4.857206870129437,3.1978564576441255
Argentina,ARG,44288898,2154324.2,14532.5009308511,0.2956525,,25.2896011376779,2.797332,-13495.0,11037.166371935518,17.60624461670577,9.58421167254182,0.2590144292600297,,9.309114216538104,3.2691734669902557,14.582988100233266
Armenia,ARM,2914966,10600.0,3869.05373867752,-0.010591,0.969553268816137,87.202376539837,2.418165,-4169.0,3438.02461208956,14.885369056947933,8.261023671890602,-0.010647483807827044,0.6778067499359434,8.142943167164308,4.47963390754585,9.268703615273097
Aruba,ABW,105737,,28440.0416881491,0.6958363,-1.02828178762012,138.716620095236,,,7684.932991673842,11.568719615292425,10.255588510818454,0.528176011484823,,8.947147052855435,4.939616229088033,
Asia (UN),UN_ASI,4572478814,,,,,,,,,22.243321305085704,,,,,,
Australia,AUS,24731044,1267241.5,54117.547718609,1.6442984,1.94864309065653,42.0354135251854,3.601817,8262.0,16955.714056561,17.02356989497361,10.89893224745699,0.9724057749253925,1.0813450952644414,9.73841914390955,3.7620233470987334,14.052353837989996
Austria,AUT,8798779,143750.0,47163.7425775142,1.6138342,2.08126911385586,105.556066755438,3.88479,-19628.0,1035.911497027888,15.990123633473889,10.761401913155654,0.9608181854933927,1.1253415620694152,6.944001859387696,4.668671295032,11.87583791515714
Azerbaijan,AZE,9968510,104362.0,4147.1981423222,-0.135534799999999,12.9359184187334,90.4023156823216,,-5024.0,3822.434500453539,16.11494178274036,8.330429336367235,-0.14564422915138386,2.6344695660985664,8.248904381555159,4.5152708138319575,11.555630485483713
Bahamas,BHS,390496,6573.06,,,,,,-317.0,7216.66938324197,12.875175565773981,,,,8.884287379670713,,8.790886881045916
Bahrain,BHR,1482003,8928.0,24784.7693514607,0.4227562,1.38671830576406,136.429239810394,2.746803,-282.0,4843.109908354377,14.208905783889858,10.118024950984037,0.35259597624946454,0.8699193285637002,8.485518794001536,4.923109165083762,9.097059685517216
Bangladesh,BGD,162186146,249056.33,1811.08221668646,-0.573203,5.70207015717238,29.9997306724343,2.335623,-22282.0,7921.818391293771,18.904255289093154,7.5022318590208545,-0.8514467886326635,1.9024164573552822,8.9775022789928,3.433978516461415,12.425438389909317
Barbados,BRB,280177,15932.31,20284.5762052461,0.9782162,4.66018463955995,,,595.0,6879.7159811789425,12.543180394456371,9.917665380721274,0.6821955295530379,1.733456513513391,8.836477992544614,,9.676167165375219
Belarus,BLR,9495793,488300.0,5785.54491935194,-0.201457,6.03183725177785,133.367754723012,2.411342,-8735.0,1826.610127125344,16.06635952169177,8.663290660042405,-0.22496646180641156,1.9504480161699211,7.510764450889207,4.900580479087906,13.098687297969015
Belgium,BEL,11376583,463355.0,44035.3239358548,1.1503596,2.12597086002616,166.904078237791,3.919175,-87490.0,,16.247067765853778,10.692770116323079,0.7656350839678308,1.1397449101471866,,5.1233928534715965,13.046250936105487
Belize,BLZ,373215,19977.95,6071.85451846453,-0.4124914,1.14765339305816,97.7072571800462,,-665.0,8669.196759070288,12.829912619490777,8.71158404014621,-0.5318643947730896,0.7643758009904016,9.067646763758171,4.592158471396453,9.902434498269058
Benin,BEN,12039777,14109.0,1054.97408066814,-0.46663,0.0432648555103608,61.4765969588474,2.539084,-233.0,4706.001210069737,16.303726559136752,6.96221891914314,-0.628539911785547,0.04235508003382707,8.456806298479872,4.134792037960509,9.55463904484686
Bermuda,BMU,63603,,112339.425587467,1.454835,,72.3924284503794,,,5772.669231374744,11.060431640432288,11.629289054466884,0.8980595492118383,,8.661063072709926,4.295820775672682,
Bhutan,BTN,754343,1348.76,3435.28804735662,0.4832628,4.95508366985129,76.7884016850221,1.950659,-370.0,7576.039907065613,13.53360377636902,8.142147111766391,0.3942442558176776,1.7842452530614197,8.932877888786399,4.353992341472339,7.207682077850355
Bolivia,BOL,11344591,504093.0,4048.40119739839,-0.313079,2.8227580554717,45.5761123650708,2.194252,,10016.571656514321,16.244251712570108,8.306324296675102,-0.3755359860939373,1.3409721661491327,9.212095995618165,3.8410877995104653,13.13051803759957
Bonaire Sint Eustatius and Saba,BES,24821,,,,,,,,,10.119485635689466,,,,,,
Bosnia and Herzegovina,BIH,3428684,61040.0,5345.01978766473,-0.4707049,0.810133321953038,96.6458803566861,2.615623,-1988.0,1352.687921745473,15.047687363708286,8.584107598088334,-0.6362091576709649,0.5934005011026675,7.210587940750719,4.581347468585199,11.019301048524012
Botswana,BWA,2266749,1316.43,7104.96401088027,0.4156169,3.30828076768219,81.9239513763494,,-3345.0,8482.878274602273,14.633857645508302,8.868689711957996,0.34756540781858725,1.460538930727121,9.04592296793929,4.417923939306666,7.183438148074228
Brazil,BRA,204703440,14005429.0,10080.5078722821,-0.1049895,3.44637335032669,24.3197343743057,2.846858,68556.0,9376.238673559095,19.137072860456037,9.218458120941992,-0.11091982893252379,1.4920887864488035,9.14604061417868,3.2315841064747266,16.45495566952525
British Virgin Islands,VGB,32724,,,,,,,,6806.44285117356,10.3958945907781,,,,8.825771829532663,,
Brunei,BRN,432787,23522.7,,,,,,,,12.978003279697491,,,,,,10.065763702565352
Bulgaria,BGR,7075642,106954.83,8696.68930427924,-0.0494362,2.06159619443141,129.634433774038,2.841196,7391.0,1761.5446421151357,15.772168880756157,9.070812672156206,-0.05069999673920195,1.1189364121286516,7.474513863225305,4.872402840391033,11.580171224478807
Burkina Faso,BFA,19894413,188000.0,709.091535894695,-0.510937499999999,1.48299897161325,59.2687802020168,2.341144,-98.0,4066.7256919311008,16.805949546772528,6.565393885520748,-0.7152649858135623,0.9094670923548805,8.310839324199495,4.098814228398768,12.144202560946876
Burundi,BDI,11506764,7320.76,246.060725714184,-0.921758299999999,16.0525353030391,,1.846792,-40.0,6346.98279533041,16.258445681245444,5.5096341595049205,-2.5479525254752526,2.836298890800516,8.75589237139222,,8.898606015213446
Cambodia,KHM,16073374,27025.03,1826.35391688754,-0.4673244,2.91263557371478,121.155451298689,2.375486,-680.0,9948.037366338762,16.592674734331187,7.510624252389229,-0.6298426705009531,1.3642112066946224,9.205231078370703,4.8052944246137175,10.204555754639596
Cameroon,CMR,24128609,125006.0,1496.08951771242,-0.6251,0.64040914988195,39.1990216052629,2.384544,-379.0,5063.529728865883,16.99890883130048,7.3112781807028835,-0.9810959552402707,0.4949456923560743,8.53001656515916,3.6938426571512575,11.736125014716496
Canada,CAN,36808498,1418675.8,45129.628116623,1.9509261,1.59688412852976,65.1009087910845,3.560903,-33265.0,6017.727965556038,17.42123932756102,10.717316410663988,1.0821190532887148,0.9543123142534798,8.702631214572929,4.191182495493604,14.165235164167141
Cape Verde,CPV,512899,902.0,,,,,,,4442.3135986743655,13.14783617337736,,,,8.399155683086162,,6.805722553416985
Cayman Islands,CYM,64561,,80053.9442657031,1.1153436,,117.436583687346,,,7965.593792750566,11.075381281398318,11.29046848123584,0.749217257932109,,8.983012301856169,4.774377658570056,
Central African Republic,CAF,4793512,6006.44,432.324025684263,-1.56295379999999,4.18072331871266,57.1435457117119,1.813745,-261.0,5164.977757249005,15.382774103501353,6.071485775360675,,1.6449446833401946,8.549849668042375,4.062914879024733,8.700753980045143
Chad,TCD,15622756,6172.4,854.46120040098,-1.10043,-1.5370996298084,43.2900613852468,2.073582,-292.0,4232.432894365862,16.564239191282166,6.751640739178083,,,8.35076850185616,3.790760303918495,8.728005018609819
Chile,CHL,18558868,703031.94,14879.9086227187,0.9620758,2.18271846868519,56.0261586393213,3.207844,-5480.0,11632.091928796357,16.736458345965563,9.607834369877544,0.6740029944437868,1.1577356959700646,9.36160906820077,4.043510086058234,13.463159026025092
China,CHN,1412354730,18970000.0,8979.67652709856,0.5787617,1.59313600071435,36.95085261586,3.547488,-37057.0,8239.082546346353,21.068524170386194,9.10283049555193,0.45664080558146886,0.9528679543574962,9.01676564061382,3.636291970410344,16.75836939462601
Colombia,COL,48131076,1563607.1,6479.53231292429,-0.1489232,4.3143132569501,35.2829149424588,2.771627,-11375.0,8702.331630990413,17.68943861792484,8.776557933028654,-0.16125290771224993,1.6704037949697845,9.071461177428388,3.5913469677321483,14.26250659324055
Comoros,COM,756672,574.73,1423.9248027797,-1.29554259999999,-0.237362224154613,40.164358921352,2.20179,-45.0,7814.570320103185,13.5366864707985,7.2618743213312085,,-0.27097209718968157,8.963873217813209,3.717572807237941,6.355638800798266
Congo,COG,5351013,6536.76,,,,,,-125.0,6013.265650443925,15.492796633623415,,,,8.701889534578893,,8.785349878136843
Cook Islands,COK,17066,42.93,,,,,,-2.0,16552.795604354953,9.744902053418757,,,,9.7143706961633,,3.782597457987688
Costa Rica,CRI,4913177,133200.0,12317.0902771304,0.3339142,1.62590692991731,65.0719536997344,2.628661,-417.0,8919.209594517073,15.407431540903598,9.418824215099042,0.2881176275838715,0.9654263334845599,9.096074722441172,4.190744355753454,11.799614544567753
Cote d'Ivoire,CIV,26733376,58459.97,1964.29930338343,-0.5958625,0.685881065304603,48.6625074729482,2.860591,,,17.101423417583757,7.583399829947744,-0.9060001123910771,0.5222883145674626,,3.905250271615374,10.97611463106949
Croatia,HRV,4079198,65414.82,13901.7878144679,0.404068,1.12937210282347,97.2452344566878,2.840257,2232.0,1081.9866769147607,15.221411203576945,9.53984466120081,0.33937373747921024,0.7558271488561636,6.987477944907555,4.58746674531537,11.088519404217628
Cuba,CUB,11247824,29250.0,8610.60829605429,-0.0638778,,26.2224363787618,2.004872,,7736.4753794209255,16.235685334590073,9.060866373944773,-0.0660092554706243,,8.95383073500665,3.3040415001524863,10.283669040109793
Curacao,CUW,168525,,18938.2440965187,,1.58558801700344,139.812449543914,,,,12.034845319541745,9.848991455516948,,0.9499529548209976,,4.9474288598713265,
Cyprus,CYP,1254274,25527.93,26247.44921875,1.1146166,0.531766496174467,148.013355558135,2.847448,-311.0,2954.9027997563544,14.042068274378272,10.175362188893681,0.7488735194699085,0.4264216420609632,7.991559399171689,5.004035936546872,10.147567597880524
Czechia,CZE,10541343,163445.0,20913.197632212,1.0284233,2.4505339846014,147.750834854762,,37749.0,,16.17081560717974,9.948183519870604,0.7072587917589689,1.2385289972117004,,5.0022726568789775,12.004237939537212
Democratic Republic of Congo,COD,87083400,10314.0,,,,,,,,18.282376849608376,,,,,,9.241354425505353
Denmark,DNK,5765164,151810.77,57521.5514992225,1.8254188,1.14713216957601,104.215676920442,3.8243,73601.0,1028.551509618132,15.56734433226445,10.959932349881608,1.0386566013983975,0.7641330771211383,6.9368785588423645,4.656012309357502,11.930396677169773
Djibouti,DJI,1054844,,2618.95521147369,-0.779234499999999,0.57728572456066,305.967966403468,2.366299,,5584.580772405597,13.868904394667307,7.870912501751653,-1.5106542267874954,0.45570547391600774,8.627943693994087,5.726743398180342,
Dominica,DMA,68514,363.81,8224.64896571414,-0.4588519,0.296252889279486,,,-161.0,6825.556192448031,11.134807978380302,9.015012474127587,-0.6140622852884462,0.2594777095114677,8.828575607607522,,5.899376670105168
Dominican Republic,DOM,10666846,338636.8,7412.71571571512,-0.314226599999999,3.27955694678546,50.7595355508472,2.485613,3653.0,7181.146703806712,16.182651078202984,8.911087038723444,-0.3772080265238581,1.4538494871292391,8.879353601172607,3.9466086770234683,12.732686378599169
East Timor,TLS,1251711,907.51,,,,,,,13118.592117692297,14.040022772231893,,,,9.481861973424294,,6.811805894930298
Ecuador,ECU,16759515,461968.9,6233.32244797718,-0.142592499999999,0.417335588666824,43.6177233172817,2.716391,-16405.0,9359.005494291188,16.6344767743196,8.737825183079657,-0.15384197748072997,0.3487787630616127,9.144201156468387,3.798131163885543,13.043255016426272
Egypt,EGY,103696055,1440106.2,,,,,,-1995.0,3212.927850553147,18.456974639689605,,,,8.075249097555488,,14.180228113225777
El Salvador,SLV,6213538,136238.19,4020.12671373919,-0.3512048,1.0123540331558,74.3046511916519,2.447198,-824.0,8987.061621293917,15.642241178864158,8.299317419392342,-0.43263817448203734,0.6993051975712267,9.103652489233422,4.321541901711671,11.822167369928408
Equatorial Guinea,GNQ,1562401,249.84,7809.10465655488,-1.0052134,0.74435474661241,102.428258251803,1.934691,-31.0,5036.51798551664,14.261734938625713,8.963173643071077,,0.5563847145566508,8.52466877657445,4.638878215373638,5.52481528567482
Eritrea,ERI,3150350,1559.71,,-1.2739169,,,1.789646,-110.0,4983.895765413149,14.963024433165542,,,,8.51416777253102,,7.352896124909284
Estonia,EST,1317430,20400.0,20851.5223496861,1.0682358,3.41723549488054,144.635650944133,3.064361,-1498.0,1861.683830095451,14.09119418610969,9.945230195914071,0.7266959733568622,1.4855140467649421,7.529773646105508,4.981107961175927,9.923339198238729
Eswatini,SWZ,1158198,2225.86,3853.09956569679,-0.2875028,6.22137528933118,86.8801420302976,,95.0,,13.962376770364717,8.256892683019641,-0.33897929667161464,1.977045418051964,,4.475973863699646,7.7083478004406984
Ethiopia,ETH,109666482,67382.55,696.348429076216,-0.5281279,10.6871150284238,31.1036494929016,,-91.0,5568.811260892724,18.512954345288097,6.547285184097235,-0.751047304693097,2.4584869553278255,8.625116447408752,3.4689697150412475,11.118156201829722
Europe (UN),UN_EUR,747429208,,,,,,,,,20.43215015506551,,,,,,
European Union (27),OWID_EU27,445696788,12310176.0,,,,,,,,19.915149433493255,,,,,,16.325936876611287
Falkland Islands,FLK,3541,,,,,,,,12519.49563345095,8.17244681834278,,,,9.43512223120687,,
Faroe Islands,FRO,50268,,59387.353086482,,,107.238908370178,,-20.0,1571.1310030682191,10.825143863908693,10.991853410140175,,,7.3601873048020865,4.684340898539854,
Fiji,FJI,918762,33524.95,5826.84814459328,-0.100427,3.34757834757831,97.0216625258442,2.102838,-1772.0,16577.759653743742,13.730783479068942,8.670403110797398,-0.10583507268664762,1.4696189883785278,9.71587761610463,4.585188500425548,10.420075044810286
Finland,FIN,5508398,128809.0,46085.0174739036,2.1101082,0.754015047084346,75.9387822310041,3.683032,-1159.0,1913.7942366964226,15.521784576294172,10.738264874385273,1.1346575165827346,0.561907472638591,7.557365447641473,4.3430100696839995,11.766093729390134
French Guiana,GUF,276158,,,1.4905901,,,,,7074.556147000299,12.528732065781421,,0.9125196703512147,,8.864401326771908,,
French Polynesia,PYF,280096,648.7,20826.9312492172,,,54.5776905038178,,-506.0,15711.671168351788,12.542891250730293,9.94405021339474,,,9.662222746608572,4.017781870802908,6.476510717886486
Gabon,GAB,2156902,3994.81,6921.73373135624,-0.8272048,2.65192583143902,75.0687404456638,1.874066,-317.0,5413.9694220562615,14.584183954494565,8.842566018484694,-1.755648200775769,1.295254653501031,8.596922512522797,4.331637411039392,8.293001591090476
Gambia,GMB,2342191,1272.98,,,,,,-1.0,4295.460558265311,14.666597800992163,,,,8.365546836742634,,7.149901137421757
Georgia,GEO,3792860,22200.0,4418.75206546679,0.6334817,6.03531725272117,102.584277697146,2.193391,-2188.0,3377.7100303471025,15.148631173545544,8.393838879712634,0.4907137490577588,1.9509427858851751,8.125249267804698,4.640385558628659,10.007892611890918
Germany,DEU,83104010,1514081.0,45553.9341495339,1.8901031,1.50949485109628,77.4548394742448,4.155037,460563.0,881.0181393393306,18.23560352580887,10.72667422063125,1.0612921762284968,0.9200814783459647,6.782212621939677,4.362523165921943,14.230319872675352
Ghana,GHA,30008364,60291.0,2012.28662641265,0.0366097,12.3719215507048,70.5483652904116,2.285594,-8245.0,4806.286292435265,17.216986734092973,7.6075238031899906,0.03595548424464058,2.593157101856886,8.47788802352329,4.270373658647284,11.00695470393042
Gibraltar,GIB,34267,,,,,,,,1546.7172975616231,10.441967253083934,,,,7.344536413157625,,
Greece,GRC,10753532,245896.0,18631.9930129293,0.2623317,1.12125452031425,70.8824967397253,3.043642,-2738.0,2098.214106258494,16.190744909706773,9.832689106243674,0.23296056635052614,0.7520076685312649,7.6493183185530755,4.275032796144134,12.412668028048529
Greenland,GRL,56094,,50765.7494665372,0.482016,,84.2072558673104,,,3593.6833498744595,10.934801960979065,10.834996881202727,0.3934033230369389,,8.1872111855733,4.445086592970987,
Grenada,GRD,115448,657.9,9751.42661155932,0.0339235,0.908458255874249,,,-255.0,7117.406644493208,11.656584152986792,9.18527141626245,0.03336078882313515,0.6462957202231701,8.870439193476438,,6.490571777919774
Guadeloupe,GLP,412701,,,,,,,,6793.808432866276,12.930481061864137,,,,8.823914133820837,,
Guam,GUM,163501,,36779.0078903909,0.7664249,,69.2665890570431,,,,12.004580501660532,10.512709712687677,0.5689576734686761,,,4.252296423497204,
Guatemala,GTM,16567363,288425.0,4324.99768915601,-0.6982041,4.42453655182546,46.0694034412912,2.223334,-12358.0,9004.560523612838,16.622945294068213,8.372398072337182,-1.1980043178964,1.6909324675423856,9.10559750149328,3.851623181470217,12.572193832895314
Guernsey,GGY,62214,,,,,,,,,11.038351407209731,,,,,,
Guinea,GIN,12385668,14991.0,833.598621691121,-0.888003,8.91435947913097,101.251633768429,1.989779,-1588.0,4675.718158432619,16.33205063640273,6.726950916695654,-2.1892831937600716,2.293984158687934,8.45035189472401,4.627436772970606,9.615272004478204
Guinea-Bissau,GNB,1877074,2827.15,783.123186602022,-1.5425984,1.69111461822298,56.9137475938811,2.107225,-20.0,4426.477605441859,14.445225272149168,6.664566133775333,,0.9899554640086381,8.395585311584764,4.058954793249876,7.947378066628226
Guyana,GUY,768483,30668.02,6178.6650437298,-0.161326499999999,1.90465615515584,,2.198101,-87.0,7312.738299151421,13.552175021965263,8.72901934893914,-0.17593380200937192,1.0663150201851004,8.897509817258598,,10.331008303549206
Haiti,HTI,10817759,9025.01,1395.23945184461,-1.8904667,10.6800887242584,42.0745477868911,1.954931,-7700.0,7364.276590129461,16.196699785920604,7.241537795722545,,2.4578855736262297,8.904531882859523,3.7629322840858994,9.107865688296814
Honduras,HND,9588144,192593.0,2413.0076562942,-0.4193229,3.93436084442044,101.813111079622,2.451471,-5164.0,8812.981796863263,16.076037997492563,7.789043573273905,-0.5435604425461761,1.5962231496892565,9.084094580147163,4.632912884573609,12.168339625212933
Hong Kong,HKG,7444889,23840.49,,,,,,,9646.625223798497,15.823038448974305,,,,9.17446707324964,,10.079182619226243
Hungary,HUN,9785608,493098.0,14736.1668157258,0.6076573,2.34824281150154,165.032855840268,3.249404,22426.0,1248.3404968924735,16.096423394995174,9.598127936666453,0.47477802615253,1.2084356743408171,7.130371088579159,5.112185695520231,13.108465244223952
Iceland,ISL,343537,9697.0,72976.3729990975,1.4685991,1.76041559180596,86.3585336945067,2.803478,,2239.3100838413734,12.7470530104357,11.197904713166862,0.9036508237485111,1.0153812451348088,7.714369565554825,4.470020727223253,9.179674957665297
India,IND,1359657398,3805860.0,1950.10468280866,0.3527821,3.32817337461298,40.7424969545225,3.097555,-2437.0,6599.57847108701,21.03049859245909,7.576150995159416,0.30216328669919845,1.4651455995710938,8.794912571308126,3.731519721482297,15.152052804889127
Indonesia,IDN,267346654,3218172.0,3798.88326174526,0.1565617,3.80879857691949,39.3554970704606,2.850217,-20939.0,11573.356732232063,19.404056707591945,8.242725624649237,0.14545155189315423,1.570447276810208,9.35654730352091,3.6977276201446743,14.984324365188884
Iran,IRN,85026761,2248508.5,,,,,,,4222.266401527289,18.25847661195948,,,,8.348364136422193,,14.625778110222889
Iraq,IRQ,39337358,96000.0,4759.2846435467,-1.09181669999999,0.18405889884769,59.7809123923157,2.038652,-1522.0,3869.188029343096,17.487685235982312,8.468062744502006,,0.16894828087292701,8.261058371237112,4.107275798766495,11.472113887062386
Ireland,IRL,4810258,142472.14,72161.4047531385,1.3768564,0.362173038229378,233.304083346711,3.284731,6014.0,780.8593508596447,15.386261486786138,11.186674479474169,0.8657787742687693,0.3090812468156476,6.66167486613313,5.456619773218101,11.866908769696067
Isle of Man,IMN,83625,,83481.3038489014,,,,,,,11.33410975550552,11.332389958425344,,,,,
Israel,ISR,8361796,628776.0,41138.470964272,1.545783,0.249807840123008,56.4519373834561,3.128123,-8189.0,3281.272403718538,15.939183914115091,10.624723303723973,0.9344382647667273,0.22298981159527118,8.09629126751064,4.050948726675786,13.351531941820014
Italy,ITA,60390317,1318640.4,32844.115660604,0.3879336,1.22653316645812,57.5829940274911,3.676977,-6390.0,1108.4021072611138,17.916339352042698,10.399558326727101,0.3278160223235949,0.8004457418995818,7.011576507079501,4.070444450156522,14.092112522104607
Jamaica,JAM,2815765,128290.0,5605.43541173019,0.4596789,4.37839864991561,,2.32031,-693.0,7738.156493145919,14.850744896216447,8.631670397586685,0.3782164800249153,1.6823906811529519,8.954047980431293,,11.762056400052822
Japan,JPN,127064686,2214910.0,38834.0529341227,1.7125133,0.484199796126385,33.6888336792782,3.957147,-7075.0,9740.282027328087,18.66020686120668,10.567078543904774,0.9978756220803636,0.394875769191257,9.184128012957123,3.546417839179156,14.610722780067205
Jersey,JEY,102130,,,1.2798324,,,,,,11.534011581966489,,0.8241019314925174,,,,
Jordan,JOR,10234227,221731.75,4065.61628749384,0.2771646,3.32389447576097,,2.520306,-4775.0,3370.9473749715826,16.14124834677792,8.310566553655315,0.24464246459369357,1.4641564951685726,8.123245712526531,,12.309228106841607
Kazakhstan,KAZ,18651931,170729.1,8943.08416791984,0.012276,7.44266321306792,56.825387935971,2.631136,-9835.0,,16.741460291182065,9.0987476058962,0.012201260954678881,2.133297805405545,,4.057427916888272,12.04783922598525
Kenya,KEN,49197757,106473.0,1667.48447230835,-0.3033052,8.00564967709945,35.9950578754074,2.617273,32.0,6469.539341293716,17.71135861131854,7.4196709917701495,-0.3614078407316328,2.197852122288629,8.77501474434427,3.6107843327878975,11.575656102871283
Kiribati,KIR,120288,887.88,1853.05122713319,-0.4128597,0.355520888546828,100.49175257732,,,14367.582704956361,11.697652459710566,7.525128376344509,-0.5324914757877977,0.30418580005313883,9.572799345465468,4.619977539784581,6.789962243275753
Kosovo,OWID_KOS,1768125,,4009.32022050863,-0.3439391,1.48823430592319,80.4101373469745,,,,14.385430786608682,8.296626372600771,-0.42150165898113023,0.9115733448492288,,4.399499802686472,
Kuwait,KWT,4154686,55755.0,29047.6536135703,-0.0073085,2.17183298510006,97.840046457409,2.543294,-5746.0,4415.948139246066,15.239747652507575,10.276727413996708,-0.007335337929415309,1.154309649517557,8.39320427035623,4.593502851146695,10.928740306849777
Kyrgyzstan,KGZ,6220148,7639.0,,,,,,-408.0,5433.87936233129,15.643304419412368,,,,8.600592602865781,,8.941152882160566
Laos,LAO,7018150,33149.4,,,,,,,,15.764010350995283,,,,,,10.408810061906218
Latin America and the Caribbean (UN),UN_LAC,631575439,,,,,,,,,20.263727954219217,,,,,,
Latvia,LVA,1942599,33393.0,15132.4958333982,0.6711156,2.93036312374665,128.714003328884,2.621994,-732.0,1707.0351660801584,14.479537839950368,9.624665833193427,0.5134914273520794,1.3687318195126579,7.443098963176469,4.865332052563641,10.416131522108902
Lebanon,LBN,6160129,131136.0,8608.21084982387,-0.221958699999999,4.32135218303191,68.4554292593276,2.431211,-5989.0,3197.3014861484917,15.633608439183122,9.060587938148473,-0.25097567137978916,1.6717274408007363,8.07037516229269,4.240685241225152,11.783997857240555
Lesotho,LSO,2157117,459.16,1069.36673247542,-0.6330237,4.447699373763,146.366771329494,1.992172,-1853.0,9012.131705521237,14.58428362948464,6.975756609365033,-1.0024580106694692,1.695193386297333,9.106437871289012,4.9929245223843335,6.1315742550926275
Liberia,LBR,4848927,13185.65,699.269095727404,-1.1579163,12.4196323907138,,1.966897,-10.0,4873.152522601064,15.394268207554894,6.551464683639739,,2.596718738524073,8.491701526802029,,9.486960233164808
Libya,LBY,6738771,120100.23,9965.83236729757,-1.5287142,25.8036184788338,47.5489661921214,1.88832,-1.0,,15.723388270443113,9.207018096053828,,3.288536896269652,,3.882572900836499,11.696090249481077
Liechtenstein,LIE,37872,,170547.092298954,1.7224741,,,,,,10.541993736136895,12.046772602202022,1.0015410624647587,,,,
Lithuania,LTU,2829317,133640.0,16800.1510246099,0.7582409,3.72288862303707,144.918393101325,2.758875,-6714.0,1702.878831851209,14.855546251177516,9.729202676414053,0.5643138205918578,1.5524206088101928,7.440662596792423,4.983047514076002,11.80291237923228
Luxembourg,LUX,596506,269.9,110193.213797228,1.9443969,1.73079959118887,353.793991980303,3.449278,-48.0,288.673334472369,13.298846255572794,11.609999667945202,1.079904008355779,1.0045944568581795,5.668753855224304,5.871537316752882,5.6017497490910495
Macao,MAC,646558,3492.86,,,,,,,,13.379419733664236,,,,,,8.158762421202049
Madagascar,MDG,26788379,83885.39,491.866848718929,-0.819978,8.60905075422949,65.3434015072915,2.190754,-784.0,8731.267253070704,17.10347876936764,6.200239053829086,-1.7146762133382316,2.262705441228261,9.074780323370819,4.194844306055691,11.337218662371798
Malawi,MWI,18039714,130114.0,495.769683367165,-0.5782225,11.5433939188771,45.3003137160008,2.280256,-1002.0,7618.882053315227,16.708086274247794,6.208126504939134,-0.8632773551767421,2.529194146024729,8.938516169993342,3.835148736792793,11.776173953780743
Malaysia,MYS,32355642,1664852.1,9862.54806612235,0.7610752,3.87120115774237,133.155173371956,3.001216,126832.0,10430.874909296565,17.292298999556824,9.196601227302516,0.5659245316119751,1.5833405509830747,9.252621293037846,4.8989971402127095,14.325247449276114
Maldives,MDV,458297,,10509.628805812,-0.3095637,2.81747338234509,141.912110574952,2.44205,-14.0,8284.554900028003,13.035274906533951,9.260142291368831,-0.37043156237957753,1.339588785550675,9.022268904084708,4.962229829944946,
Mali,MLI,19813016,48000.0,924.057531692284,-0.871987899999999,1.75985742927165,49.4919984941972,2.300811,-2080.0,4124.656765447863,16.801849703898537,6.829855932002399,-2.0556304882803094,1.015179022333842,8.324980501961429,3.9218148780680133,10.778977123006351
Malta,MLT,467902,3676.0,30317.2443175543,1.0116786,1.36435448150708,213.047591305197,2.414581,-69.0,1749.5826734685284,13.05601628846017,10.319504932985888,0.6989694979267566,0.8605050381785843,7.467703967767653,5.366198379573643,8.209852481301272
Marshall Islands,MHL,46544,,4592.83457628576,-0.315822799999999,,125.145250350959,,,13705.449363553133,10.74817486555059,8.43247037395591,-0.37953833058346814,,9.525621757508887,4.837434023573334,
Martinique,MTQ,371510,,,1.1106297,,,,,6861.241910610609,12.825333752392037,,0.7469863389837618,,8.83378947645637,,
Mauritania,MRT,4210603,4771.37,1615.00401327323,-0.8206663,2.25427651934813,78.8149801833884,2.110509,-92.0,3785.2245754514374,15.253116663301515,7.387711722539114,-1.718506962880887,1.1799699834740818,8.239124647350645,4.379711208434615,8.470598315836552
Mauritius,MUS,1290654,47593.85,10986.7034093005,1.0288458,3.66699702675925,126.964059884888,2.451482,-460.0,9392.23814827698,14.070660399413443,9.304532054613928,0.7074670599270957,1.5405158298899633,9.147745363476687,4.851749442343617,10.770479841088886
Mayotte,MYT,265170,,,,,,,,,12.48813017988166,,,,,,
Mexico,MEX,123400052,3228016.0,9649.27816772402,0.0099863,6.04145724018986,76.95212604414,2.898451,-25837.0,9213.9719102582,18.630942098933037,9.174742019588463,0.009936766404735724,1.9518151430947281,9.128584821836467,4.356094869591626,14.987378574776944
Micronesia (country),FSM,109495,159.86,,,,,,,,11.603643297891102,,,,,,5.080534421475923
Moldova,MDA,3193500,44799.22,3453.26727720294,-0.4025781,6.57022997455611,88.6233902754378,2.296292,,,14.97662836511979,8.147365637647637,-0.5151317150170085,2.024223446717904,,4.495616338093918,10.709968329105305
Monaco,MCO,37700,,170663.375247872,1.7990398,,,,,,10.537441898283253,12.047454188981401,1.0292764297962809,,,,
Mongolia,MNG,3104371,220.0,3645.96708669551,-0.4472314,4.30143105302342,115.932901867963,2.169652,-309.0,7067.489786593166,14.94832199846519,8.201651166006648,-0.5928158098785703,1.6679767941163541,8.863402127387484,4.76160028198243,5.3981627015177525
Montenegro,MNE,620112,1669.96,7674.2813940676,0.2868544,2.3802359905313,106.711366689116,2.557852,-1334.0,,13.337656998478808,8.945760235505462,0.25220079090102865,1.2179455267414634,,4.679455118882272,7.421153590547061
Montserrat,MSR,4624,,,,,,,,6772.081391349557,8.439231649946526,,,,8.820711416173491,,
Morocco,MAR,35446395,640000.0,3296.52661132813,-0.2631327,0.754663249323619,74.1733578786573,2.351484,-16797.0,1813.8632901406897,17.383532141458307,8.100927954711485,-0.3053474572786014,0.5622769577790845,7.5037654216255545,4.319796884654065,13.369225017834633
Mozambique,MOZ,28166397,92235.82,470.93856305196,-0.6898963,15.1132073899384,105.745640702087,,-3079.0,8816.187900726318,17.153640265152262,6.1568488140881055,-1.1708485213119588,2.7796392704785267,9.084458266045873,4.670448814760493,11.432114679066782
Myanmar,MMR,51894939,1733001.0,1272.82241815234,-1.2517085,4.5725365531752,,2.097773,-4504.0,,17.764731848200107,7.149777437211146,,1.7178503458212362,,,14.365365722765167
Namibia,NAM,2506854,15927.53,5143.96072323076,0.2683997,6.14579981111164,81.2196661011436,,-1550.0,8045.248266278218,14.734539537414296,8.545773014270257,0.23775602716357883,1.966524745090657,8.992961207897263,4.409394520419691,9.675867119926753
Nauru,NRU,11351,4.03,9656.97976571484,-0.044334,,142.068965517241,,,14449.951263748108,9.337149218839878,9.175539771351032,-0.04534679936042333,,9.57851552277504,4.963326790346391,1.6154199841116479
Nepal,NPL,28011258,57509.0,1034.28374906846,-0.927736599999999,2.77703998300211,44.6424106217427,2.279357,-7897.0,7250.160058273522,17.148117094458925,6.942430821815547,-2.6274375020584557,1.3289406295895954,8.888916743086527,3.820837341779208,10.9597141247078
Netherlands,NLD,17315376,1096490.1,49513.6817346384,2.0046983,1.38145871407216,159.646059656847,3.951432,,428.35896259391694,16.667105508610796,10.810024505279255,1.1001771636123776,0.8677132050061168,6.062293311697211,5.079203557759333,13.907625730072073
New Caledonia,NCL,283554,880.0,32354.7102832901,,,58.9281826221283,,-46.0,16739.358298598174,12.55516138686103,10.384545800064195,,,9.725577747553846,4.093146888999907,6.78105762593618
New Zealand,NZL,4812749,222996.48,42950.3841711138,1.7876311,1.85078767452536,54.2775276299632,3.63464,20771.0,19241.93684410151,15.386779204280872,10.667824154392846,1.0251921670704305,1.0475953331219063,9.864899355195815,4.012366453965091,12.314915749929975
Nicaragua,NIC,6316235,142712.44,2182.61380995674,-0.497707499999999,3.85067166284727,96.3805864351182,,-7861.0,8908.116308051416,15.658634019080752,7.688736494286184,-0.688572659653556,1.5791171825459311,9.094830335754004,4.578626872867437,11.868593982631893
Niger,NER,21435449,18475.41,521.804130023434,-0.654903,2.79637318871284,39.0298956366247,1.657845,-44.0,3917.0438998082836,16.880556651495738,6.259206881534154,-1.0639297420483902,1.3340461869567848,8.273347803089056,3.689626565872048,9.824250062254702
Nigeria,NGA,200254580,257728.95,1876.34027111773,-0.8608661,16.5022662139641,,2.205165,-596.0,4701.622413747784,19.115100020055575,7.537611304715708,-1.972318500183624,2.8623303704861396,8.455875592468008,,12.459667610298718
Niue,NIU,1803,23.35,,,,,,,16622.509879903308,7.4977617006225685,,,,9.718573230222919,,3.192531849528599
North Korea,PRK,25817710,42851.27,,,,,,,,17.066571287245342,,,,,,10.66551389811869
North Macedonia,MKD,1940877,1716.0,5955.2973863451,-0.0997098,1.35161889677442,124.13728389629,,-951.0,,14.478651005976873,8.692204323105615,-0.10503812318741954,0.8551039832231596,,4.829411405814054,7.448333860897476
Northern America (UN),UN_NAM,369138723,,,,,,,,,19.726683077154345,,,,,,
Northern Mariana Islands,MNP,49981,,31225.6049960968,,,131.410256410256,,,12047.39829881489,10.819418219594727,10.349025734668686,,,9.396687008823813,4.885905105836883,
Norway,NOR,5276807,100962.0,76131.8384032764,2.0636859,1.87510059552545,67.1957153368952,3.450002,-457.0,1344.0900129978534,15.478831927416612,11.240234967242131,1.1196187335686922,1.0560876633851695,7.20421621395859,4.222381737903634,11.522509392072076
Oceania (UN),UN_OCE,42093651,,,,,,,,,17.555407503435603,,,,,,
Oman,OMN,4537397,6434.23,17820.0661809335,0.1108223,1.58909413567799,88.9531480182956,2.927186,-2959.0,5619.890817141773,15.327864277963736,9.788136529814905,0.10510055187016878,0.9513080599685707,8.634245438714826,4.499288957208222,8.769542861427238
Pakistan,PAK,223273974,1280942.0,1519.23459514248,-0.4213336,4.08537368032608,25.472035002344,2.258158,-9823.0,5939.224796468925,19.22391016277237,7.326619940840824,-0.5470291332595505,1.626368513590291,8.689502256163992,3.2760888928586906,14.063107083401754
Palau,PLW,17838,,16401.7847567871,-0.3184374,1.4179881966692,122.650636452895,,,12240.833206547519,9.789142350751268,9.705206401640636,-0.3833671758645123,0.8829358707370142,9.412614316628403,4.817460141167239,
Palestine,PSE,4742747,52414.9,,,,,,-1470.0,3302.257197709006,15.37212727251843,,,,8.10266429026993,,10.866965259396514
Panama,PAN,4098704,198136.0,15694.6297518495,0.343385,0.875585918759878,84.0475372402933,3.121964,-6228.0,8669.461392277015,15.226181628123728,9.661137592832324,0.29519254808931744,0.6289211006128099,9.067677285460917,4.443210361812312,12.19671398960287
Papua New Guinea,PNG,9178717,6479.93,2477.76530986323,-0.7120555,5.42204568023834,,1.950027,-1028.0,14555.73994572476,16.032398101428385,7.8155158562600064,-1.244987525750161,1.8597367087280319,9.585809391853653,,8.776619297567041
Paraguay,PRY,6338658,68566.4,6152.2671153779,-0.6426736,3.60247741348943,71.0801344038377,2.578467,-6831.0,10138.459868034797,15.662177789845543,8.724738458016295,-1.0291056291928142,1.52659472666915,9.224190008274224,4.277778477946481,11.135572482102912
Peru,PER,31324639,1464548.0,6736.16693725487,-0.0734623,2.99490045809443,47.5135503619971,2.47537,-12130.0,10251.375462439062,17.259915566262173,8.81539477982167,-0.07630054331284804,1.3850186622856435,9.235264710149186,3.8818431478287816,14.197057903208467
Philippines,PHL,108119691,1306867.9,3038.12124959289,0.1764345,2.85318772590947,68.1683697426727,2.733253,410.0,10755.29668262706,18.49874943068182,8.019323689979693,0.16248825402728748,1.348900786468424,9.283246599997108,4.236543673485137,14.083144681530994
Poland,POL,38254964,1695017.5,13913.3402919927,0.6233831,2.07593553673859,100.56589524628,3.352324,-87501.0,1370.0476821883524,17.459783913734586,9.540675262990094,0.4845123050406588,1.1236090945767874,7.223330458088353,4.620707802082501,14.343204213191402
Portugal,PRT,10330838,361365.0,21442.3842768879,1.2300446,1.36861411643472,84.8077923069539,3.43944,1499.0,1452.5321427105514,16.150644057545982,9.973171451463381,0.80202158527203,0.8623050231096376,7.281751833762367,4.452109821798449,12.79764657413131
Puerto Rico,PRI,3371878,34272.57,,,,,,,6918.023262976011,15.030980713711529,,,,8.84202989168076,,10.442129782188893
Qatar,QAT,2706716,15000.0,63279.8767486216,0.9701164,0.394878914083005,91.4945879195194,3.206593,-467.0,4981.319841040856,14.81124701935596,11.055338457412269,0.678092627298787,0.33280761156549793,8.513650893087181,4.527150133828494,9.61587214452889
Reunion,REU,858761,,,1.1106297,,,,,9343.542969717326,13.66324709622019,,0.7469863389837618,,9.142547812296417,,
Romania,ROU,19689405,436040.0,10727.9822007426,-0.1200618,1.3390212110439,87.1560645667801,3.005132,-15835.0,1876.7714065372907,16.79559128256249,9.280703975649686,-0.12790360124866254,0.8497325559849942,7.537840930600883,4.479108704739215,12.985491554607247
Russia,RUS,146186798,4542243.5,,,,,,,,18.800395807085547,,,,,,15.328931831110301
Rwanda,RWA,12202062,18215.62,758.300966509647,0.316719,8.27953672260832,54.2079656602139,2.66413,-751.0,6229.62407426598,16.317115593768623,6.632398229114002,0.2751430362904793,2.227811623419234,8.737231779198922,4.011107248310679,9.81008964317666
Saint Barthelemy,BLM,9954,,,,,,,,,9.205830216498297,,,,,,
Saint Helena,SHN,5528,,,,,,,,7218.276998676186,8.617762246337932,,,,8.88451008818515,,
Saint Kitts and Nevis,KNA,47075,12.62,,,,,,-71.0,6761.334681467025,10.759518595997553,,,,8.819123476492448,,2.611539300721366
Saint Lucia,LCA,176352,1394.13,,,,,,-53.0,6902.027449302803,12.080242947144113,,,,8.839715355126513,,7.2407428798777085
Saint Martin (French part),MAF,36863,,,,,,,,,10.514990744055563,,,,,,
Saint Pierre and Miquelon,SPM,5946,,,,,,,,,8.690642169706594,,,,,,
Saint Vincent and the Grenadines,VCT,105674,153.24,,,,,,-94.0,6987.471382928698,11.56812362543499,,,,8.85201712503623,,5.038509830862235
Samoa,WSM,205423,398.84,4307.59381964907,0.8254042,1.74989677484705,74.0110807608335,,-149.0,15997.607117617858,12.232831414830866,8.368366869921228,0.6018014419635567,1.0115633745547163,9.680256942283515,4.317635846101098,5.991064467086642
San Marino,SMR,34405,,45192.0279766943,1.454835,1.01413313194508,313.850322940524,,,950.1520222144517,10.445986246756984,10.718698105619605,0.8980595492118383,0.7001888953614385,6.857673904885014,5.752097360630665,
Sao Tome and Principe,STP,206986,768.38,1555.79477812888,-0.545733599999999,5.6902961992902,92.8973617603292,,-68.0,5407.851283801195,12.240411268343015,7.350384357192354,-0.7890714688903151,1.9006581480913018,8.595792017280328,4.542202289550385,6.645584995699079
Saudi Arabia,SAU,30782400,650646.3,23929.2907135982,0.1769432,-0.834845735027162,59.5319791578229,2.829881,-4598.0,4692.648084302438,17.24245368853094,10.082900329328343,0.16292056882989892,-1.8008753026356936,8.453965402211987,4.103171806508043,13.385722992499836
Senegal,SEN,15475001,95054.0,1356.80518449031,-0.029733,1.31815314847789,57.8165678119905,2.005599,-587.0,4205.377689670903,16.554736505775637,7.21362484016215,-0.030183987629208917,0.8407708119662708,8.344357150060567,4.074423580726178,11.462210950425726
Serbia,SRB,7073507,85018.0,6548.03653824187,0.1137013,3.13106248590115,102.740445166934,2.589503,-4672.0,,15.77186709586232,8.787073224411815,0.10768897269647322,1.4185346343958842,,4.641892060093284,11.35063003990524
Seychelles,SYC,112443,639.6,17480.3651911372,0.6187826,2.85679575568437,197.442236417869,,-190.0,7835.217865999179,11.630210598916348,9.76889074633934,0.4816743852590629,1.3498367236327236,8.966511581893752,5.29049805736465,6.462405237175058
Sierra Leone,SLE,7379300,16620.0,779.186007841728,-1.0168171,18.2215094003386,41.5213782343591,1.847638,-220.0,4707.261239365979,15.81418947664371,6.659532362845766,,2.9560299332545807,8.457073955236236,3.750006966738627,9.71842223507111
Singapore,SGP,5604087,79004.15,61236.251270627,2.2158807,0.576763191179996,315.401433455385,3.858964,-138697.0,10741.824115887794,15.539006889384979,11.022510964221937,1.1681012548575105,0.45537413258338805,9.281993286558937,5.757011766399623,11.277268319197809
Sint Maarten (Dutch part),SXM,39012,,34701.3058494468,,2.19201010962985,,,,,10.571650202901903,10.454561414719885,,1.160650846759818,,,
Slovakia,SVK,5435702,70971.0,,,,,,3323.0,1095.5022325590344,15.508499416998994,,,,6.999880603933421,,11.17004071204347
Slovenia,SVN,2062410,68281.0,23303.077705959,1.2399184,1.42910743319306,158.70213584467,3.084186,-4097.0,965.7470193186549,14.539386244744769,10.056383633080973,0.8064394366319835,0.8875238784339002,6.873936847284986,5.07331042923717,11.13140146763347
Solomon Islands,SLB,685677,283.73,2143.57670489272,-1.0855854,0.488686760261083,82.1974922027324,2.229122,,15167.479775497552,13.438163408756003,7.6706974715115885,,0.3978943623710894,9.626974854763123,4.421217205578809,5.6515413628105104
Somalia,SOM,14916630,3873.67,,,,,1.967034,-16.0,6606.04213174373,16.517987322952717,,,,8.79589134884378,,8.262215776870697
South Africa,ZAF,57635158,1665323.5,6618.33508255701,0.2227717,5.18618655524149,53.5359318293741,3.245321,598.0,8652.741491971441,17.869643338753793,8.79775020318519,0.20112016716188366,1.8223188314611503,9.065747048830861,3.998859784048226,14.325530557302033
South Korea,KOR,51486268,837816.4,,,,,,,,17.756825708724946,,,,,,13.638555455959281
South Sudan,SSD,10259150,31335.39,,-2.13822209999999,187.851630279442,,,-5.0,,16.143680645745036,,,5.240961681789682,,,10.352535321017518
Spain,ESP,46868594,1520003.4,28381.3425596906,1.0199904,1.95607633363963,66.167446137857,3.740331,14093.0,1053.4407822699152,17.662858392918753,10.253522489932335,0.7030927589265727,1.0838628260406422,6.960765841177343,4.207188697681419,14.234223787555111
Sri Lanka,LKA,22087525,200995.44,4398.88828068715,-0.0698946,7.70413767850602,47.1404098001494,2.322392,-2767.0,8519.50180188717,16.910523572745785,8.38933442883108,-0.07245736592323913,2.1637985078315487,9.050230515024118,3.874121944993172,12.211042475441577
Sudan,SDN,42714311,68000.0,966.505676269531,-1.24182669999999,32.3516260968437,17.8313898297102,2.232223,-3087.0,4601.861875439105,17.570044597684074,6.874721291831978,,3.5071065296990223,8.434433535858666,2.935525149276683,11.127277689932466
Suriname,SUR,593720,9729.0,6049.52128553675,-0.127179899999999,21.9969430173304,,,-320.0,7188.323291546532,13.29416479103291,8.707899710211715,-0.13602581539755673,3.135361294805546,8.88035232828106,,9.18296917518005
Svalbard and Jan Mayen,SJM,2400,,,,,,,,,7.783640596221253,,,,,,
Sweden,SWE,10057864,156790.0,53210.2233318965,1.8765903,1.79449904665599,86.0693088740521,3.904824,8846.0,1547.5488119199345,16.12386547347245,10.882024617965046,1.0566056691455346,1.0276528585774378,7.345073520982921,4.466704455219175,11.962668987291934
Switzerland,CHE,8453630,92046.0,82254.3769269767,2.0953521,0.533787839825876,122.948395589146,3.798316,-1683.0,434.90465646120884,15.950106611178983,11.31758403946326,1.1299016638016137,0.427740388181763,6.0774235415942846,4.819865314380854,11.430054595146965
Syria,SYR,19224671,123041.0,,,,,,,,16.771705012092102,,,,,,11.720281039483824
Taiwan,TWN,23632950,650033.0,,,,,,,9843.398866910116,16.978152524988293,,,,9.194657929474126,,13.384779948196128
Tajikistan,TJK,9085942,6828.7,829.45714764957,-0.6988972,,53.7861046057767,2.123195,-454.0,5299.266126557946,16.02223905189418,6.721976329467532,-1.2003035443015524,,8.575512310837707,4.003436596212764,8.829036027734855
Tanzania,TZA,55652888,64921.69,986.674011230469,-0.357548,5.31871605228931,33.1125919853124,,,,17.834644548084988,6.895352695155703,-0.4424631731747628,1.8435160312363958,,3.5296665825588507,11.080952456383159
Thailand,THA,71160183,1724175.0,6413.09182530343,0.1567658,0.665631893135106,120.891427433638,3.291623,-15609.0,9455.785115642397,18.08044400648088,8.766252696537187,0.14562800766997752,0.5102045668311147,9.154487764503196,4.8031307094338445,14.360259813162186
Togo,TGO,7324379,18432.0,792.765700965864,-0.9832841,-0.981889868943119,58.2088602526732,2.15782,-114.0,4732.725932002441,15.806719067646874,6.67678833075566,-4.0913949167067765,-4.011283770399528,8.462467894862428,4.081071197121347,9.821897815496174
Tokelau,TKL,1767,,,,,,,,15554.349688807495,7.477604243197589,,,,9.652159889876701,,
Tonga,TON,105373,282.78,4365.92932788383,0.0778836,7.51706283551115,88.0434925855836,,-15.0,16922.532586838115,11.565271205342164,8.381815370135886,0.07499948892024076,2.14207154378949,9.736460393096364,4.489124931103489,5.648199290079167
Trinidad and Tobago,TTO,1445265,63907.0,17566.0999700656,0.3282247,1.88038440183532,,2.224108,-642.0,7221.431425434787,14.183803945632448,9.77378311178478,0.2838432385484597,1.057923758100631,8.884946937720693,,11.065199828147462
Tunisia,TUN,11650504,217825.03,3619.03247319953,0.0523774,5.30884839565844,95.8091979825804,2.375774,-3679.0,1480.3889963949925,16.270860084675988,8.19423827527669,0.05105179522897604,1.841953155247112,7.300735437709691,4.5727420102495735,12.291451995654818
Turkey,TUR,83083667,2192350.5,,,,,3.048446,,2257.260728045043,18.235358706214253,,,,7.722350206619817,,14.600485270033836
Turkmenistan,TKM,6507065,20953.46,5828.4816623489,-0.8883327,,47.3983995269018,2.229772,-8723.0,4586.727870361384,15.688399221348687,8.670683366703916,-2.192231364199473,,8.431140163142592,3.879466745549844,9.950106790521048
Turks and Caicos Islands,TCA,39931,,30014.2309523213,,,,,,7045.974787265473,10.594933286456316,10.309460230219768,,,8.860353695523754,,
Tuvalu,TUV,10892,60.45,4165.66338700106,-0.742839399999999,,,,,15520.559077077356,9.295875660082446,8.334870847502227,-1.358054486533581,,9.649985244689097,,4.118223836012044
Uganda,UGA,40177384,88738.37,765.218332297361,-0.364528099999999,5.20971705914209,36.8370529334101,2.342655,-3559.0,6107.370408351911,17.508814833102715,6.641467158236338,-0.4533874064820828,1.8261153327724726,8.717415307648444,3.633288858841235,11.393458925516219
Ukraine,UKR,45436037,1238150.0,2604.28759765625,-0.4837223,14.4383227488749,104.034982911399,2.621232,-41163.0,2028.386830305856,17.631816136674328,7.865298350264902,-0.6611104799720015,2.7368529084417204,7.6154889723718,4.654293465253281,14.02912969570967
United Arab Emirates,ARE,9234330,57387.0,43733.6192287435,1.3782191,1.96682557818842,165.476523652994,3.859022,-1285.0,5249.080716764848,16.038438727193935,10.685895269488022,0.8663519302732553,1.0874925523168844,8.565998730089357,5.114854300398076,10.95759050121828
United Kingdom,GBR,66354473,1840637.0,40916.8115070354,1.5660677,2.55775577557747,63.1899245764158,3.927077,,344.6643141842046,18.010521746763068,10.619320736402576,0.9423746493216345,1.2691299459595486,5.845468113899507,4.16184626031779,14.425622808615483
United States,USA,332204657,21914240.0,59635.0984397965,1.5989168,2.13011000365961,27.1253382222874,3.829968,,,19.621261776718857,10.996016348224313,0.9550947428345203,1.1410681488736656,,3.336670886133606,16.902647257422824
United States Virgin Islands,VIR,95124,,,,,,,,,11.462947095163987,,,,,,
Uruguay,URY,3388444,74428.0,19184.6502617082,0.4897994,6.2180938256186,46.3779636198842,2.504859,-2656.0,10936.602602298475,15.035881672055762,9.861917896383861,0.3986414800213351,1.9765909049749322,9.299961911403445,3.858157218066254,11.217600929821002
Uzbekistan,UZB,31819172,74800.0,2190.60411562888,-0.5185929,13.8757425441635,41.0443062055515,2.380418,-9154.0,5161.151206908557,17.275579590592738,7.6923890275731015,-0.7310420050921543,2.699731869121146,8.549108672160388,3.7387239719131693,11.222586532857163
Vanuatu,VUT,278518,679.22,3159.86055790126,-0.7351774,3.08452624403546,90.0680828139658,,-68.0,16329.99611353271,12.537241558643604,8.058599597956063,-1.3286951111291445,1.407205747054077,9.700820183095741,4.511607389573418,6.522416275257562
Vatican,VAT,563,,,,,,,,,6.335054251498059,,,,,,
Venezuela,VEN,30565331,462413.0,,,,,,,7616.020516850978,17.23537698348314,,,,8.938140563929746,,13.04421587269858
Vietnam,VNM,95176978,910151.75,,,,,3.110737,,,18.371248653292202,,,,,,13.721367721549456
Wallis and Futuna,WLF,11945,,,,,,,,16058.923205257024,9.388151773292252,,,,9.684082205749409,,
Western Sahara,ESH,512851,,,,,,,,2754.965824384297,13.147742583503716,,,,7.921523231615551,,
Yemen,YEM,33090923,168628.27,,,,,,-7000.0,5309.240682179581,17.314769603351994,,,,8.577392439419627,,12.03545791565053
Zambia,ZMB,17441328,47420.58,1483.46577328065,-0.463275899999999,6.57731154205644,71.5856946542566,2.361903,365.0,7571.009074900308,16.67435317767016,7.302810237879178,-0.6222710967642813,2.025158458912257,8.932213710809783,4.284767859085364,10.76683267833889
Zimbabwe,ZWE,14812484,92300.32,3445.44941020134,-0.958432699999999,0.893962316050027,55.028317831061,1.841924,-1411.0,7914.7833830579775,16.510980964200883,8.145099823616883,-3.180441478512545,0.6386710980770506,8.976613941903624,4.025857238479012,11.432813721580448
