Country Name,Country Code,Series Name,Series Code,2018 [YR2018]
Afghanistan,AFG,"Logistics performance index: Overall score (1=low to 5=high), lower bound",LP.LPI.OVRL.XQ.LB,1.790851
Albania,ALB,"Logistics performance index: Overall score (1=low to 5=high), lower bound",LP.LPI.OVRL.XQ.LB,2.460908
Algeria,DZA,"Logistics performance index: Overall score (1=low to 5=high), lower bound",LP.LPI.OVRL.XQ.LB,2.209783
Angola,AGO,"Logistics performance index: Overall score (1=low to 5=high), lower bound",LP.LPI.OVRL.XQ.LB,1.847173
Antigua and Barbuda,ATG,"Logistics performance index: Overall score (1=low to 5=high), lower bound",LP.LPI.OVRL.XQ.LB,..
Argentina,ARG,"Logistics performance index: Overall score (1=low to 5=high), lower bound",LP.LPI.OVRL.XQ.LB,2.797332
Armenia,ARM,"Logistics performance index: Overall score (1=low to 5=high), lower bound",LP.LPI.OVRL.XQ.LB,2.418165
Australia,AUS,"Logistics performance index: Overall score (1=low to 5=high), lower bound",LP.LPI.OVRL.XQ.LB,3.601817
Austria,AUT,"Logistics performance index: Overall score (1=low to 5=high), lower bound",LP.LPI.OVRL.XQ.LB,3.88479
Azerbaijan,AZE,"Logistics performance index: Overall score (1=low to 5=high), lower bound",LP.LPI.OVRL.XQ.LB,..
"Bahamas, The",BHS,"Logistics performance index: Overall score (1=low to 5=high), lower bound",LP.LPI.OVRL.XQ.LB,2.365442
Bahrain,BHR,"Logistics performance index: Overall score (1=low to 5=high), lower bound",LP.LPI.OVRL.XQ.LB,2.746803
Bangladesh,BGD,"Logistics performance index: Overall score (1=low to 5=high), lower bound",LP.LPI.OVRL.XQ.LB,2.335623
Belarus,BLR,"Logistics performance index: Overall score (1=low to 5=high), lower bound",LP.LPI.OVRL.XQ.LB,2.411342
Belgium,BEL,"Logistics performance index: Overall score (1=low to 5=high), lower bound",LP.LPI.OVRL.XQ.LB,3.919175
Benin,BEN,"Logistics performance index: Overall score (1=low to 5=high), lower bound",LP.LPI.OVRL.XQ.LB,2.539084
Bhutan,BTN,"Logistics performance index: Overall score (1=low to 5=high), lower bound",LP.LPI.OVRL.XQ.LB,1.950659
Bolivia,BOL,"Logistics performance index: Overall score (1=low to 5=high), lower bound",LP.LPI.OVRL.XQ.LB,2.194252
Bosnia and Herzegovina,BIH,"Logistics performance index: Overall score (1=low to 5=high), lower bound",LP.LPI.OVRL.XQ.LB,2.615623
Botswana,BWA,"Logistics performance index: Overall score (1=low to 5=high), lower bound",LP.LPI.OVRL.XQ.LB,..
Brazil,BRA,"Logistics performance index: Overall score (1=low to 5=high), lower bound",LP.LPI.OVRL.XQ.LB,2.846858
Brunei Darussalam,BRN,"Logistics performance index: Overall score (1=low to 5=high), lower bound",LP.LPI.OVRL.XQ.LB,2.507244
Bulgaria,BGR,"Logistics performance index: Overall score (1=low to 5=high), lower bound",LP.LPI.OVRL.XQ.LB,2.841196
Burkina Faso,BFA,"Logistics performance index: Overall score (1=low to 5=high), lower bound",LP.LPI.OVRL.XQ.LB,2.341144
Burundi,BDI,"Logistics performance index: Overall score (1=low to 5=high), lower bound",LP.LPI.OVRL.XQ.LB,1.846792
Cambodia,KHM,"Logistics performance index: Overall score (1=low to 5=high), lower bound",LP.LPI.OVRL.XQ.LB,2.375486
Cameroon,CMR,"Logistics performance index: Overall score (1=low to 5=high), lower bound",LP.LPI.OVRL.XQ.LB,2.384544
Canada,CAN,"Logistics performance index: Overall score (1=low to 5=high), lower bound",LP.LPI.OVRL.XQ.LB,3.560903
Central African Republic,CAF,"Logistics performance index: Overall score (1=low to 5=high), lower bound",LP.LPI.OVRL.XQ.LB,1.813745
Chad,TCD,"Logistics performance index: Overall score (1=low to 5=high), lower bound",LP.LPI.OVRL.XQ.LB,2.073582
Chile,CHL,"Logistics performance index: Overall score (1=low to 5=high), lower bound",LP.LPI.OVRL.XQ.LB,3.207844
China,CHN,"Logistics performance index: Overall score (1=low to 5=high), lower bound",LP.LPI.OVRL.XQ.LB,3.547488
Colombia,COL,"Logistics performance index: Overall score (1=low to 5=high), lower bound",LP.LPI.OVRL.XQ.LB,2.771627
Comoros,COM,"Logistics performance index: Overall score (1=low to 5=high), lower bound",LP.LPI.OVRL.XQ.LB,2.20179
"Congo, Dem. Rep.",COD,"Logistics performance index: Overall score (1=low to 5=high), lower bound",LP.LPI.OVRL.XQ.LB,2.283902
"Congo, Rep.",COG,"Logistics performance index: Overall score (1=low to 5=high), lower bound",LP.LPI.OVRL.XQ.LB,2.123704
Costa Rica,CRI,"Logistics performance index: Overall score (1=low to 5=high), lower bound",LP.LPI.OVRL.XQ.LB,2.628661
Cote d'Ivoire,CIV,"Logistics performance index: Overall score (1=low to 5=high), lower bound",LP.LPI.OVRL.XQ.LB,2.860591
Croatia,HRV,"Logistics performance index: Overall score (1=low to 5=high), lower bound",LP.LPI.OVRL.XQ.LB,2.840257
Cuba,CUB,"Logistics performance index: Overall score (1=low to 5=high), lower bound",LP.LPI.OVRL.XQ.LB,2.004872
Cyprus,CYP,"Logistics performance index: Overall score (1=low to 5=high), lower bound",LP.LPI.OVRL.XQ.LB,2.847448
Czech Republic,CZE,"Logistics performance index: Overall score (1=low to 5=high), lower bound",LP.LPI.OVRL.XQ.LB,3.526523
Denmark,DNK,"Logistics performance index: Overall score (1=low to 5=high), lower bound",LP.LPI.OVRL.XQ.LB,3.8243
Djibouti,DJI,"Logistics performance index: Overall score (1=low to 5=high), lower bound",LP.LPI.OVRL.XQ.LB,2.366299
Dominican Republic,DOM,"Logistics performance index: Overall score (1=low to 5=high), lower bound",LP.LPI.OVRL.XQ.LB,2.485613
Ecuador,ECU,"Logistics performance index: Overall score (1=low to 5=high), lower bound",LP.LPI.OVRL.XQ.LB,2.716391
"Egypt, Arab Rep.",EGY,"Logistics performance index: Overall score (1=low to 5=high), lower bound",LP.LPI.OVRL.XQ.LB,2.483564
El Salvador,SLV,"Logistics performance index: Overall score (1=low to 5=high), lower bound",LP.LPI.OVRL.XQ.LB,2.447198
Equatorial Guinea,GNQ,"Logistics performance index: Overall score (1=low to 5=high), lower bound",LP.LPI.OVRL.XQ.LB,1.934691
Eritrea,ERI,"Logistics performance index: Overall score (1=low to 5=high), lower bound",LP.LPI.OVRL.XQ.LB,1.789646
Estonia,EST,"Logistics performance index: Overall score (1=low to 5=high), lower bound",LP.LPI.OVRL.XQ.LB,3.064361
Ethiopia,ETH,"Logistics performance index: Overall score (1=low to 5=high), lower bound",LP.LPI.OVRL.XQ.LB,..
Fiji,FJI,"Logistics performance index: Overall score (1=low to 5=high), lower bound",LP.LPI.OVRL.XQ.LB,2.102838
Finland,FIN,"Logistics performance index: Overall score (1=low to 5=high), lower bound",LP.LPI.OVRL.XQ.LB,3.683032
France,FRA,"Logistics performance index: Overall score (1=low to 5=high), lower bound",LP.LPI.OVRL.XQ.LB,3.791702
Gabon,GAB,"Logistics performance index: Overall score (1=low to 5=high), lower bound",LP.LPI.OVRL.XQ.LB,1.874066
"Gambia, The",GMB,"Logistics performance index: Overall score (1=low to 5=high), lower bound",LP.LPI.OVRL.XQ.LB,2.111041
Georgia,GEO,"Logistics performance index: Overall score (1=low to 5=high), lower bound",LP.LPI.OVRL.XQ.LB,2.193391
Germany,DEU,"Logistics performance index: Overall score (1=low to 5=high), lower bound",LP.LPI.OVRL.XQ.LB,4.155037
Ghana,GHA,"Logistics performance index: Overall score (1=low to 5=high), lower bound",LP.LPI.OVRL.XQ.LB,2.285594
Greece,GRC,"Logistics performance index: Overall score (1=low to 5=high), lower bound",LP.LPI.OVRL.XQ.LB,3.043642
Grenada,GRD,"Logistics performance index: Overall score (1=low to 5=high), lower bound",LP.LPI.OVRL.XQ.LB,..
Guatemala,GTM,"Logistics performance index: Overall score (1=low to 5=high), lower bound",LP.LPI.OVRL.XQ.LB,2.223334
Guinea,GIN,"Logistics performance index: Overall score (1=low to 5=high), lower bound",LP.LPI.OVRL.XQ.LB,1.989779
Guinea-Bissau,GNB,"Logistics performance index: Overall score (1=low to 5=high), lower bound",LP.LPI.OVRL.XQ.LB,2.107225
Guyana,GUY,"Logistics performance index: Overall score (1=low to 5=high), lower bound",LP.LPI.OVRL.XQ.LB,2.198101
Haiti,HTI,"Logistics performance index: Overall score (1=low to 5=high), lower bound",LP.LPI.OVRL.XQ.LB,1.954931
Honduras,HND,"Logistics performance index: Overall score (1=low to 5=high), lower bound",LP.LPI.OVRL.XQ.LB,2.451471
"Hong Kong SAR, China",HKG,"Logistics performance index: Overall score (1=low to 5=high), lower bound",LP.LPI.OVRL.XQ.LB,3.827736
Hungary,HUN,"Logistics performance index: Overall score (1=low to 5=high), lower bound",LP.LPI.OVRL.XQ.LB,3.249404
Iceland,ISL,"Logistics performance index: Overall score (1=low to 5=high), lower bound",LP.LPI.OVRL.XQ.LB,2.803478
India,IND,"Logistics performance index: Overall score (1=low to 5=high), lower bound",LP.LPI.OVRL.XQ.LB,3.097555
Indonesia,IDN,"Logistics performance index: Overall score (1=low to 5=high), lower bound",LP.LPI.OVRL.XQ.LB,2.850217
"Iran, Islamic Rep.",IRN,"Logistics performance index: Overall score (1=low to 5=high), lower bound",LP.LPI.OVRL.XQ.LB,2.50429
Iraq,IRQ,"Logistics performance index: Overall score (1=low to 5=high), lower bound",LP.LPI.OVRL.XQ.LB,2.038652
Ireland,IRL,"Logistics performance index: Overall score (1=low to 5=high), lower bound",LP.LPI.OVRL.XQ.LB,3.284731
Israel,ISR,"Logistics performance index: Overall score (1=low to 5=high), lower bound",LP.LPI.OVRL.XQ.LB,3.128123
Italy,ITA,"Logistics performance index: Overall score (1=low to 5=high), lower bound",LP.LPI.OVRL.XQ.LB,3.676977
Jamaica,JAM,"Logistics performance index: Overall score (1=low to 5=high), lower bound",LP.LPI.OVRL.XQ.LB,2.32031
Japan,JPN,"Logistics performance index: Overall score (1=low to 5=high), lower bound",LP.LPI.OVRL.XQ.LB,3.957147
Jordan,JOR,"Logistics performance index: Overall score (1=low to 5=high), lower bound",LP.LPI.OVRL.XQ.LB,2.520306
Kazakhstan,KAZ,"Logistics performance index: Overall score (1=low to 5=high), lower bound",LP.LPI.OVRL.XQ.LB,2.631136
Kenya,KEN,"Logistics performance index: Overall score (1=low to 5=high), lower bound",LP.LPI.OVRL.XQ.LB,2.617273
"Korea, Rep.",KOR,"Logistics performance index: Overall score (1=low to 5=high), lower bound",LP.LPI.OVRL.XQ.LB,3.48872
Kuwait,KWT,"Logistics performance index: Overall score (1=low to 5=high), lower bound",LP.LPI.OVRL.XQ.LB,2.543294
Kyrgyz Republic,KGZ,"Logistics performance index: Overall score (1=low to 5=high), lower bound",LP.LPI.OVRL.XQ.LB,2.287254
Lao PDR,LAO,"Logistics performance index: Overall score (1=low to 5=high), lower bound",LP.LPI.OVRL.XQ.LB,2.467671
Latvia,LVA,"Logistics performance index: Overall score (1=low to 5=high), lower bound",LP.LPI.OVRL.XQ.LB,2.621994
Lebanon,LBN,"Logistics performance index: Overall score (1=low to 5=high), lower bound",LP.LPI.OVRL.XQ.LB,2.431211
Lesotho,LSO,"Logistics performance index: Overall score (1=low to 5=high), lower bound",LP.LPI.OVRL.XQ.LB,1.992172
Liberia,LBR,"Logistics performance index: Overall score (1=low to 5=high), lower bound",LP.LPI.OVRL.XQ.LB,1.966897
Libya,LBY,"Logistics performance index: Overall score (1=low to 5=high), lower bound",LP.LPI.OVRL.XQ.LB,1.88832
Lithuania,LTU,"Logistics performance index: Overall score (1=low to 5=high), lower bound",LP.LPI.OVRL.XQ.LB,2.758875
Luxembourg,LUX,"Logistics performance index: Overall score (1=low to 5=high), lower bound",LP.LPI.OVRL.XQ.LB,3.449278
"Macedonia, FYR",MKD,"Logistics performance index: Overall score (1=low to 5=high), lower bound",LP.LPI.OVRL.XQ.LB,2.438972
Madagascar,MDG,"Logistics performance index: Overall score (1=low to 5=high), lower bound",LP.LPI.OVRL.XQ.LB,2.190754
Malawi,MWI,"Logistics performance index: Overall score (1=low to 5=high), lower bound",LP.LPI.OVRL.XQ.LB,2.280256
Malaysia,MYS,"Logistics performance index: Overall score (1=low to 5=high), lower bound",LP.LPI.OVRL.XQ.LB,3.001216
Maldives,MDV,"Logistics performance index: Overall score (1=low to 5=high), lower bound",LP.LPI.OVRL.XQ.LB,2.44205
Mali,MLI,"Logistics performance index: Overall score (1=low to 5=high), lower bound",LP.LPI.OVRL.XQ.LB,2.300811
Malta,MLT,"Logistics performance index: Overall score (1=low to 5=high), lower bound",LP.LPI.OVRL.XQ.LB,2.414581
Mauritania,MRT,"Logistics performance index: Overall score (1=low to 5=high), lower bound",LP.LPI.OVRL.XQ.LB,2.110509
Mauritius,MUS,"Logistics performance index: Overall score (1=low to 5=high), lower bound",LP.LPI.OVRL.XQ.LB,2.451482
Mexico,MEX,"Logistics performance index: Overall score (1=low to 5=high), lower bound",LP.LPI.OVRL.XQ.LB,2.898451
Moldova,MDA,"Logistics performance index: Overall score (1=low to 5=high), lower bound",LP.LPI.OVRL.XQ.LB,2.296292
Mongolia,MNG,"Logistics performance index: Overall score (1=low to 5=high), lower bound",LP.LPI.OVRL.XQ.LB,2.169652
Montenegro,MNE,"Logistics performance index: Overall score (1=low to 5=high), lower bound",LP.LPI.OVRL.XQ.LB,2.557852
Morocco,MAR,"Logistics performance index: Overall score (1=low to 5=high), lower bound",LP.LPI.OVRL.XQ.LB,2.351484
Mozambique,MOZ,"Logistics performance index: Overall score (1=low to 5=high), lower bound",LP.LPI.OVRL.XQ.LB,..
Myanmar,MMR,"Logistics performance index: Overall score (1=low to 5=high), lower bound",LP.LPI.OVRL.XQ.LB,2.097773
Namibia,NAM,"Logistics performance index: Overall score (1=low to 5=high), lower bound",LP.LPI.OVRL.XQ.LB,..
Nepal,NPL,"Logistics performance index: Overall score (1=low to 5=high), lower bound",LP.LPI.OVRL.XQ.LB,2.279357
Netherlands,NLD,"Logistics performance index: Overall score (1=low to 5=high), lower bound",LP.LPI.OVRL.XQ.LB,3.951432
New Zealand,NZL,"Logistics performance index: Overall score (1=low to 5=high), lower bound",LP.LPI.OVRL.XQ.LB,3.63464
Nicaragua,NIC,"Logistics performance index: Overall score (1=low to 5=high), lower bound",LP.LPI.OVRL.XQ.LB,..
Niger,NER,"Logistics performance index: Overall score (1=low to 5=high), lower bound",LP.LPI.OVRL.XQ.LB,1.657845
Nigeria,NGA,"Logistics performance index: Overall score (1=low to 5=high), lower bound",LP.LPI.OVRL.XQ.LB,2.205165
Norway,NOR,"Logistics performance index: Overall score (1=low to 5=high), lower bound",LP.LPI.OVRL.XQ.LB,3.450002
Oman,OMN,"Logistics performance index: Overall score (1=low to 5=high), lower bound",LP.LPI.OVRL.XQ.LB,2.927186
Pakistan,PAK,"Logistics performance index: Overall score (1=low to 5=high), lower bound",LP.LPI.OVRL.XQ.LB,2.258158
Panama,PAN,"Logistics performance index: Overall score (1=low to 5=high), lower bound",LP.LPI.OVRL.XQ.LB,3.121964
Papua New Guinea,PNG,"Logistics performance index: Overall score (1=low to 5=high), lower bound",LP.LPI.OVRL.XQ.LB,1.950027
Paraguay,PRY,"Logistics performance index: Overall score (1=low to 5=high), lower bound",LP.LPI.OVRL.XQ.LB,2.578467
Peru,PER,"Logistics performance index: Overall score (1=low to 5=high), lower bound",LP.LPI.OVRL.XQ.LB,2.47537
Philippines,PHL,"Logistics performance index: Overall score (1=low to 5=high), lower bound",LP.LPI.OVRL.XQ.LB,2.733253
Poland,POL,"Logistics performance index: Overall score (1=low to 5=high), lower bound",LP.LPI.OVRL.XQ.LB,3.352324
Portugal,PRT,"Logistics performance index: Overall score (1=low to 5=high), lower bound",LP.LPI.OVRL.XQ.LB,3.43944
Qatar,QAT,"Logistics performance index: Overall score (1=low to 5=high), lower bound",LP.LPI.OVRL.XQ.LB,3.206593
Romania,ROU,"Logistics performance index: Overall score (1=low to 5=high), lower bound",LP.LPI.OVRL.XQ.LB,3.005132
Russian Federation,RUS,"Logistics performance index: Overall score (1=low to 5=high), lower bound",LP.LPI.OVRL.XQ.LB,2.646469
Rwanda,RWA,"Logistics performance index: Overall score (1=low to 5=high), lower bound",LP.LPI.OVRL.XQ.LB,2.66413
São Tomé and Principe,STP,"Logistics performance index: Overall score (1=low to 5=high), lower bound",LP.LPI.OVRL.XQ.LB,2.470064
Saudi Arabia,SAU,"Logistics performance index: Overall score (1=low to 5=high), lower bound",LP.LPI.OVRL.XQ.LB,2.829881
Senegal,SEN,"Logistics performance index: Overall score (1=low to 5=high), lower bound",LP.LPI.OVRL.XQ.LB,2.005599
Serbia,SRB,"Logistics performance index: Overall score (1=low to 5=high), lower bound",LP.LPI.OVRL.XQ.LB,2.589503
Sierra Leone,SLE,"Logistics performance index: Overall score (1=low to 5=high), lower bound",LP.LPI.OVRL.XQ.LB,1.847638
Singapore,SGP,"Logistics performance index: Overall score (1=low to 5=high), lower bound",LP.LPI.OVRL.XQ.LB,3.858964
Slovak Republic,SVK,"Logistics performance index: Overall score (1=low to 5=high), lower bound",LP.LPI.OVRL.XQ.LB,2.694342
Slovenia,SVN,"Logistics performance index: Overall score (1=low to 5=high), lower bound",LP.LPI.OVRL.XQ.LB,3.084186
Solomon Islands,SLB,"Logistics performance index: Overall score (1=low to 5=high), lower bound",LP.LPI.OVRL.XQ.LB,2.229122
Somalia,SOM,"Logistics performance index: Overall score (1=low to 5=high), lower bound",LP.LPI.OVRL.XQ.LB,1.967034
South Africa,ZAF,"Logistics performance index: Overall score (1=low to 5=high), lower bound",LP.LPI.OVRL.XQ.LB,3.245321
Spain,ESP,"Logistics performance index: Overall score (1=low to 5=high), lower bound",LP.LPI.OVRL.XQ.LB,3.740331
Sri Lanka,LKA,"Logistics performance index: Overall score (1=low to 5=high), lower bound",LP.LPI.OVRL.XQ.LB,2.322392
Sudan,SDN,"Logistics performance index: Overall score (1=low to 5=high), lower bound",LP.LPI.OVRL.XQ.LB,2.232223
Sweden,SWE,"Logistics performance index: Overall score (1=low to 5=high), lower bound",LP.LPI.OVRL.XQ.LB,3.904824
Switzerland,CHE,"Logistics performance index: Overall score (1=low to 5=high), lower bound",LP.LPI.OVRL.XQ.LB,3.798316
Syrian Arab Republic,SYR,"Logistics performance index: Overall score (1=low to 5=high), lower bound",LP.LPI.OVRL.XQ.LB,2.084718
"Taiwan, China",TWN,"Logistics performance index: Overall score (1=low to 5=high), lower bound",LP.LPI.OVRL.XQ.LB,3.416402
Tajikistan,TJK,"Logistics performance index: Overall score (1=low to 5=high), lower bound",LP.LPI.OVRL.XQ.LB,2.123195
Tanzania,TZA,"Logistics performance index: Overall score (1=low to 5=high), lower bound",LP.LPI.OVRL.XQ.LB,..
Thailand,THA,"Logistics performance index: Overall score (1=low to 5=high), lower bound",LP.LPI.OVRL.XQ.LB,3.291623
Timor-Leste,TLS,"Logistics performance index: Overall score (1=low to 5=high), lower bound",LP.LPI.OVRL.XQ.LB,..
Togo,TGO,"Logistics performance index: Overall score (1=low to 5=high), lower bound",LP.LPI.OVRL.XQ.LB,2.15782
Trinidad and Tobago,TTO,"Logistics performance index: Overall score (1=low to 5=high), lower bound",LP.LPI.OVRL.XQ.LB,2.224108
Tunisia,TUN,"Logistics performance index: Overall score (1=low to 5=high), lower bound",LP.LPI.OVRL.XQ.LB,2.375774
Turkey,TUR,"Logistics performance index: Overall score (1=low to 5=high), lower bound",LP.LPI.OVRL.XQ.LB,3.048446
Turkmenistan,TKM,"Logistics performance index: Overall score (1=low to 5=high), lower bound",LP.LPI.OVRL.XQ.LB,2.229772
Uganda,UGA,"Logistics performance index: Overall score (1=low to 5=high), lower bound",LP.LPI.OVRL.XQ.LB,2.342655
Ukraine,UKR,"Logistics performance index: Overall score (1=low to 5=high), lower bound",LP.LPI.OVRL.XQ.LB,2.621232
United Arab Emirates,ARE,"Logistics performance index: Overall score (1=low to 5=high), lower bound",LP.LPI.OVRL.XQ.LB,3.859022
United Kingdom,GBR,"Logistics performance index: Overall score (1=low to 5=high), lower bound",LP.LPI.OVRL.XQ.LB,3.927077
United States,USA,"Logistics performance index: Overall score (1=low to 5=high), lower bound",LP.LPI.OVRL.XQ.LB,3.829968
Uruguay,URY,"Logistics performance index: Overall score (1=low to 5=high), lower bound",LP.LPI.OVRL.XQ.LB,2.504859
Uzbekistan,UZB,"Logistics performance index: Overall score (1=low to 5=high), lower bound",LP.LPI.OVRL.XQ.LB,2.380418
"Venezuela, RB",VEN,"Logistics performance index: Overall score (1=low to 5=high), lower bound",LP.LPI.OVRL.XQ.LB,2.076098
Vietnam,VNM,"Logistics performance index: Overall score (1=low to 5=high), lower bound",LP.LPI.OVRL.XQ.LB,3.110737
"Yemen, Rep.",YEM,"Logistics performance index: Overall score (1=low to 5=high), lower bound",LP.LPI.OVRL.XQ.LB,1.823761
Zambia,ZMB,"Logistics performance index: Overall score (1=low to 5=high), lower bound",LP.LPI.OVRL.XQ.LB,2.361903
Zimbabwe,ZWE,"Logistics performance index: Overall score (1=low to 5=high), lower bound",LP.LPI.OVRL.XQ.LB,1.841924
,,,,
,,,,
,,,,
Data from database: Logistics Performance Index (LPI),,,,
Last Updated: 03/26/2024,,,,
Code,Indicator Name,Long definition,Source
LP.LPI.OVRL.XQ.LB,"Logistics performance index: Overall score (1=low to 5=high), lower bound","The Logistics Performance Index overall score reflects perceptions of a country's logistics performance based on the efficiency of the customs clearance process, quality of trade- and transport-related infrastructure, ease of arranging competitively priced international shipments, quality of logistics services, ability to track and trace consignments, and frequency with which shipments reach the consignee within the scheduled time. The index ranges from 1 to 5, with a higher score representing better performance. To account for the sampling error created by the LPI’s survey-based dataset, LPI scores are presented with approximate 80 percent confidence intervals (see appendix 5 of the LPI report available at lpi.worldbank.org). These intervals yield upper and lower bounds for a country’s LPI score and rank. Upper bounds for LPI scores are calculated by increasing a country’s LPI score to its upper bound while maintaining all other country scores constant and then recalculating LPI ranks. An analogous procedure is adopted for lower bounds.",World Bank Logistics Performance Index Surveys. Data and methodology are available at: http://www.worldbank.org/lpi
