Country Name,Country Code,Series Name,Series Code,2017 [YR2017]
Afghanistan,AFG,Government Effectiveness - Governance estimate (approx. -2.5 to +2.5),GOV_WGI_GE.EST,-1.4421872
Albania,ALB,Government Effectiveness - Governance estimate (approx. -2.5 to +2.5),GOV_WGI_GE.EST,0.256049
Algeria,DZA,Government Effectiveness - Governance estimate (approx. -2.5 to +2.5),GOV_WGI_GE.EST,-0.5231578
American Samoa,ASM,Government Effectiveness - Governance estimate (approx. -2.5 to +2.5),GOV_WGI_GE.EST,0.7664249
Andorra,AND,Government Effectiveness - Governance estimate (approx. -2.5 to +2.5),GOV_WGI_GE.EST,1.7990398
Angola,AGO,Government Effectiveness - Governance estimate (approx. -2.5 to +2.5),GOV_WGI_GE.EST,-0.968115699999999
Anguilla,AIA,Government Effectiveness - Governance estimate (approx. -2.5 to +2.5),GOV_WGI_GE.EST,0.7664249
Antigua and Barbuda,ATG,Government Effectiveness - Governance estimate (approx. -2.5 to +2.5),GOV_WGI_GE.EST,-0.2661901
Argentina,ARG,Government Effectiveness - Governance estimate (approx. -2.5 to +2.5),GOV_WGI_GE.EST,0.2956525
Armenia,ARM,Government Effectiveness - Governance estimate (approx. -2.5 to +2.5),GOV_WGI_GE.EST,-0.010591
Aruba,ABW,Government Effectiveness - Governance estimate (approx. -2.5 to +2.5),GOV_WGI_GE.EST,0.6958363
Australia,AUS,Government Effectiveness - Governance estimate (approx. -2.5 to +2.5),GOV_WGI_GE.EST,1.6442984
Austria,AUT,Government Effectiveness - Governance estimate (approx. -2.5 to +2.5),GOV_WGI_GE.EST,1.6138342
Azerbaijan,AZE,Government Effectiveness - Governance estimate (approx. -2.5 to +2.5),GOV_WGI_GE.EST,-0.135534799999999
"Bahamas, The",BHS,Government Effectiveness - Governance estimate (approx. -2.5 to +2.5),GOV_WGI_GE.EST,0.7464561
Bahrain,BHR,Government Effectiveness - Governance estimate (approx. -2.5 to +2.5),GOV_WGI_GE.EST,0.4227562
Bangladesh,BGD,Government Effectiveness - Governance estimate (approx. -2.5 to +2.5),GOV_WGI_GE.EST,-0.573203
Barbados,BRB,Government Effectiveness - Governance estimate (approx. -2.5 to +2.5),GOV_WGI_GE.EST,0.9782162
Belarus,BLR,Government Effectiveness - Governance estimate (approx. -2.5 to +2.5),GOV_WGI_GE.EST,-0.201457
Belgium,BEL,Government Effectiveness - Governance estimate (approx. -2.5 to +2.5),GOV_WGI_GE.EST,1.1503596
Belize,BLZ,Government Effectiveness - Governance estimate (approx. -2.5 to +2.5),GOV_WGI_GE.EST,-0.4124914
Benin,BEN,Government Effectiveness - Governance estimate (approx. -2.5 to +2.5),GOV_WGI_GE.EST,-0.46663
Bermuda,BMU,Government Effectiveness - Governance estimate (approx. -2.5 to +2.5),GOV_WGI_GE.EST,1.454835
Bhutan,BTN,Government Effectiveness - Governance estimate (approx. -2.5 to +2.5),GOV_WGI_GE.EST,0.4832628
Bolivia,BOL,Government Effectiveness - Governance estimate (approx. -2.5 to +2.5),GOV_WGI_GE.EST,-0.313079
Bosnia and Herzegovina,BIH,Government Effectiveness - Governance estimate (approx. -2.5 to +2.5),GOV_WGI_GE.EST,-0.4707049
Botswana,BWA,Government Effectiveness - Governance estimate (approx. -2.5 to +2.5),GOV_WGI_GE.EST,0.4156169
Brazil,BRA,Government Effectiveness - Governance estimate (approx. -2.5 to +2.5),GOV_WGI_GE.EST,-0.1049895
Brunei Darussalam,BRN,Government Effectiveness - Governance estimate (approx. -2.5 to +2.5),GOV_WGI_GE.EST,1.0134455
Bulgaria,BGR,Government Effectiveness - Governance estimate (approx. -2.5 to +2.5),GOV_WGI_GE.EST,-0.0494362
Burkina Faso,BFA,Government Effectiveness - Governance estimate (approx. -2.5 to +2.5),GOV_WGI_GE.EST,-0.510937499999999
Burundi,BDI,Government Effectiveness - Governance estimate (approx. -2.5 to +2.5),GOV_WGI_GE.EST,-0.921758299999999
Cabo Verde,CPV,Government Effectiveness - Governance estimate (approx. -2.5 to +2.5),GOV_WGI_GE.EST,0.3194131
Cambodia,KHM,Government Effectiveness - Governance estimate (approx. -2.5 to +2.5),GOV_WGI_GE.EST,-0.4673244
Cameroon,CMR,Government Effectiveness - Governance estimate (approx. -2.5 to +2.5),GOV_WGI_GE.EST,-0.6251
Canada,CAN,Government Effectiveness - Governance estimate (approx. -2.5 to +2.5),GOV_WGI_GE.EST,1.9509261
Cayman Islands,CYM,Government Effectiveness - Governance estimate (approx. -2.5 to +2.5),GOV_WGI_GE.EST,1.1153436
Central African Republic,CAF,Government Effectiveness - Governance estimate (approx. -2.5 to +2.5),GOV_WGI_GE.EST,-1.56295379999999
Chad,TCD,Government Effectiveness - Governance estimate (approx. -2.5 to +2.5),GOV_WGI_GE.EST,-1.10043
Chile,CHL,Government Effectiveness - Governance estimate (approx. -2.5 to +2.5),GOV_WGI_GE.EST,0.9620758
China,CHN,Government Effectiveness - Governance estimate (approx. -2.5 to +2.5),GOV_WGI_GE.EST,0.5787617
Colombia,COL,Government Effectiveness - Governance estimate (approx. -2.5 to +2.5),GOV_WGI_GE.EST,-0.1489232
Comoros,COM,Government Effectiveness - Governance estimate (approx. -2.5 to +2.5),GOV_WGI_GE.EST,-1.29554259999999
"Congo, Dem. Rep.",COD,Government Effectiveness - Governance estimate (approx. -2.5 to +2.5),GOV_WGI_GE.EST,-1.45882809999999
"Congo, Rep.",COG,Government Effectiveness - Governance estimate (approx. -2.5 to +2.5),GOV_WGI_GE.EST,-0.8685556
Cook Islands,COK,Government Effectiveness - Governance estimate (approx. -2.5 to +2.5),GOV_WGI_GE.EST,..
Costa Rica,CRI,Government Effectiveness - Governance estimate (approx. -2.5 to +2.5),GOV_WGI_GE.EST,0.3339142
Cote d'Ivoire,CIV,Government Effectiveness - Governance estimate (approx. -2.5 to +2.5),GOV_WGI_GE.EST,-0.5958625
Croatia,HRV,Government Effectiveness - Governance estimate (approx. -2.5 to +2.5),GOV_WGI_GE.EST,0.404068
Cuba,CUB,Government Effectiveness - Governance estimate (approx. -2.5 to +2.5),GOV_WGI_GE.EST,-0.0638778
Cyprus,CYP,Government Effectiveness - Governance estimate (approx. -2.5 to +2.5),GOV_WGI_GE.EST,1.1146166
Czechia,CZE,Government Effectiveness - Governance estimate (approx. -2.5 to +2.5),GOV_WGI_GE.EST,1.0284233
Denmark,DNK,Government Effectiveness - Governance estimate (approx. -2.5 to +2.5),GOV_WGI_GE.EST,1.8254188
Djibouti,DJI,Government Effectiveness - Governance estimate (approx. -2.5 to +2.5),GOV_WGI_GE.EST,-0.779234499999999
Dominica,DMA,Government Effectiveness - Governance estimate (approx. -2.5 to +2.5),GOV_WGI_GE.EST,-0.4588519
Dominican Republic,DOM,Government Effectiveness - Governance estimate (approx. -2.5 to +2.5),GOV_WGI_GE.EST,-0.314226599999999
Ecuador,ECU,Government Effectiveness - Governance estimate (approx. -2.5 to +2.5),GOV_WGI_GE.EST,-0.142592499999999
"Egypt, Arab Rep.",EGY,Government Effectiveness - Governance estimate (approx. -2.5 to +2.5),GOV_WGI_GE.EST,-0.406895199999999
El Salvador,SLV,Government Effectiveness - Governance estimate (approx. -2.5 to +2.5),GOV_WGI_GE.EST,-0.3512048
Equatorial Guinea,GNQ,Government Effectiveness - Governance estimate (approx. -2.5 to +2.5),GOV_WGI_GE.EST,-1.0052134
Eritrea,ERI,Government Effectiveness - Governance estimate (approx. -2.5 to +2.5),GOV_WGI_GE.EST,-1.2739169
Estonia,EST,Government Effectiveness - Governance estimate (approx. -2.5 to +2.5),GOV_WGI_GE.EST,1.0682358
Eswatini,SWZ,Government Effectiveness - Governance estimate (approx. -2.5 to +2.5),GOV_WGI_GE.EST,-0.2875028
Ethiopia,ETH,Government Effectiveness - Governance estimate (approx. -2.5 to +2.5),GOV_WGI_GE.EST,-0.5281279
Fiji,FJI,Government Effectiveness - Governance estimate (approx. -2.5 to +2.5),GOV_WGI_GE.EST,-0.100427
Finland,FIN,Government Effectiveness - Governance estimate (approx. -2.5 to +2.5),GOV_WGI_GE.EST,2.1101082
France,FRA,Government Effectiveness - Governance estimate (approx. -2.5 to +2.5),GOV_WGI_GE.EST,1.4018117
French Guiana,GUF,Government Effectiveness - Governance estimate (approx. -2.5 to +2.5),GOV_WGI_GE.EST,1.4905901
French Polynesia,PYF,Government Effectiveness - Governance estimate (approx. -2.5 to +2.5),GOV_WGI_GE.EST,..
Gabon,GAB,Government Effectiveness - Governance estimate (approx. -2.5 to +2.5),GOV_WGI_GE.EST,-0.8272048
"Gambia, The",GMB,Government Effectiveness - Governance estimate (approx. -2.5 to +2.5),GOV_WGI_GE.EST,-0.522074599999999
Georgia,GEO,Government Effectiveness - Governance estimate (approx. -2.5 to +2.5),GOV_WGI_GE.EST,0.6334817
Germany,DEU,Government Effectiveness - Governance estimate (approx. -2.5 to +2.5),GOV_WGI_GE.EST,1.8901031
Ghana,GHA,Government Effectiveness - Governance estimate (approx. -2.5 to +2.5),GOV_WGI_GE.EST,0.0366097
Greece,GRC,Government Effectiveness - Governance estimate (approx. -2.5 to +2.5),GOV_WGI_GE.EST,0.2623317
Greenland,GRL,Government Effectiveness - Governance estimate (approx. -2.5 to +2.5),GOV_WGI_GE.EST,0.482016
Grenada,GRD,Government Effectiveness - Governance estimate (approx. -2.5 to +2.5),GOV_WGI_GE.EST,0.0339235
Guam,GUM,Government Effectiveness - Governance estimate (approx. -2.5 to +2.5),GOV_WGI_GE.EST,0.7664249
Guatemala,GTM,Government Effectiveness - Governance estimate (approx. -2.5 to +2.5),GOV_WGI_GE.EST,-0.6982041
Guinea,GIN,Government Effectiveness - Governance estimate (approx. -2.5 to +2.5),GOV_WGI_GE.EST,-0.888003
Guinea-Bissau,GNB,Government Effectiveness - Governance estimate (approx. -2.5 to +2.5),GOV_WGI_GE.EST,-1.5425984
Guyana,GUY,Government Effectiveness - Governance estimate (approx. -2.5 to +2.5),GOV_WGI_GE.EST,-0.161326499999999
Haiti,HTI,Government Effectiveness - Governance estimate (approx. -2.5 to +2.5),GOV_WGI_GE.EST,-1.8904667
Honduras,HND,Government Effectiveness - Governance estimate (approx. -2.5 to +2.5),GOV_WGI_GE.EST,-0.4193229
"Hong Kong SAR, China",HKG,Government Effectiveness - Governance estimate (approx. -2.5 to +2.5),GOV_WGI_GE.EST,1.9265977
Hungary,HUN,Government Effectiveness - Governance estimate (approx. -2.5 to +2.5),GOV_WGI_GE.EST,0.6076573
Iceland,ISL,Government Effectiveness - Governance estimate (approx. -2.5 to +2.5),GOV_WGI_GE.EST,1.4685991
India,IND,Government Effectiveness - Governance estimate (approx. -2.5 to +2.5),GOV_WGI_GE.EST,0.3527821
Indonesia,IDN,Government Effectiveness - Governance estimate (approx. -2.5 to +2.5),GOV_WGI_GE.EST,0.1565617
"Iran, Islamic Rep.",IRN,Government Effectiveness - Governance estimate (approx. -2.5 to +2.5),GOV_WGI_GE.EST,-0.1973883
Iraq,IRQ,Government Effectiveness - Governance estimate (approx. -2.5 to +2.5),GOV_WGI_GE.EST,-1.09181669999999
Ireland,IRL,Government Effectiveness - Governance estimate (approx. -2.5 to +2.5),GOV_WGI_GE.EST,1.3768564
Israel,ISR,Government Effectiveness - Governance estimate (approx. -2.5 to +2.5),GOV_WGI_GE.EST,1.545783
Italy,ITA,Government Effectiveness - Governance estimate (approx. -2.5 to +2.5),GOV_WGI_GE.EST,0.3879336
Jamaica,JAM,Government Effectiveness - Governance estimate (approx. -2.5 to +2.5),GOV_WGI_GE.EST,0.4596789
Japan,JPN,Government Effectiveness - Governance estimate (approx. -2.5 to +2.5),GOV_WGI_GE.EST,1.7125133
Jersey,JEY,Government Effectiveness - Governance estimate (approx. -2.5 to +2.5),GOV_WGI_GE.EST,1.2798324
Jordan,JOR,Government Effectiveness - Governance estimate (approx. -2.5 to +2.5),GOV_WGI_GE.EST,0.2771646
Kazakhstan,KAZ,Government Effectiveness - Governance estimate (approx. -2.5 to +2.5),GOV_WGI_GE.EST,0.012276
Kenya,KEN,Government Effectiveness - Governance estimate (approx. -2.5 to +2.5),GOV_WGI_GE.EST,-0.3033052
Kiribati,KIR,Government Effectiveness - Governance estimate (approx. -2.5 to +2.5),GOV_WGI_GE.EST,-0.4128597
"Korea, Dem. People's Rep.",PRK,Government Effectiveness - Governance estimate (approx. -2.5 to +2.5),GOV_WGI_GE.EST,-1.4610269
"Korea, Rep.",KOR,Government Effectiveness - Governance estimate (approx. -2.5 to +2.5),GOV_WGI_GE.EST,1.1827271
Kosovo,XKX,Government Effectiveness - Governance estimate (approx. -2.5 to +2.5),GOV_WGI_GE.EST,-0.3439391
Kuwait,KWT,Government Effectiveness - Governance estimate (approx. -2.5 to +2.5),GOV_WGI_GE.EST,-0.0073085
Kyrgyz Republic,KGZ,Government Effectiveness - Governance estimate (approx. -2.5 to +2.5),GOV_WGI_GE.EST,-0.713917199999999
Lao PDR,LAO,Government Effectiveness - Governance estimate (approx. -2.5 to +2.5),GOV_WGI_GE.EST,-0.2334031
Latvia,LVA,Government Effectiveness - Governance estimate (approx. -2.5 to +2.5),GOV_WGI_GE.EST,0.6711156
Lebanon,LBN,Government Effectiveness - Governance estimate (approx. -2.5 to +2.5),GOV_WGI_GE.EST,-0.221958699999999
Lesotho,LSO,Government Effectiveness - Governance estimate (approx. -2.5 to +2.5),GOV_WGI_GE.EST,-0.6330237
Liberia,LBR,Government Effectiveness - Governance estimate (approx. -2.5 to +2.5),GOV_WGI_GE.EST,-1.1579163
Libya,LBY,Government Effectiveness - Governance estimate (approx. -2.5 to +2.5),GOV_WGI_GE.EST,-1.5287142
Liechtenstein,LIE,Government Effectiveness - Governance estimate (approx. -2.5 to +2.5),GOV_WGI_GE.EST,1.7224741
Lithuania,LTU,Government Effectiveness - Governance estimate (approx. -2.5 to +2.5),GOV_WGI_GE.EST,0.7582409
Luxembourg,LUX,Government Effectiveness - Governance estimate (approx. -2.5 to +2.5),GOV_WGI_GE.EST,1.9443969
"Macao SAR, China",MAC,Government Effectiveness - Governance estimate (approx. -2.5 to +2.5),GOV_WGI_GE.EST,1.3250972
Madagascar,MDG,Government Effectiveness - Governance estimate (approx. -2.5 to +2.5),GOV_WGI_GE.EST,-0.819978
Malawi,MWI,Government Effectiveness - Governance estimate (approx. -2.5 to +2.5),GOV_WGI_GE.EST,-0.5782225
Malaysia,MYS,Government Effectiveness - Governance estimate (approx. -2.5 to +2.5),GOV_WGI_GE.EST,0.7610752
Maldives,MDV,Government Effectiveness - Governance estimate (approx. -2.5 to +2.5),GOV_WGI_GE.EST,-0.3095637
Mali,MLI,Government Effectiveness - Governance estimate (approx. -2.5 to +2.5),GOV_WGI_GE.EST,-0.871987899999999
Malta,MLT,Government Effectiveness - Governance estimate (approx. -2.5 to +2.5),GOV_WGI_GE.EST,1.0116786
Marshall Islands,MHL,Government Effectiveness - Governance estimate (approx. -2.5 to +2.5),GOV_WGI_GE.EST,-0.315822799999999
Martinique,MTQ,Government Effectiveness - Governance estimate (approx. -2.5 to +2.5),GOV_WGI_GE.EST,1.1106297
Mauritania,MRT,Government Effectiveness - Governance estimate (approx. -2.5 to +2.5),GOV_WGI_GE.EST,-0.8206663
Mauritius,MUS,Government Effectiveness - Governance estimate (approx. -2.5 to +2.5),GOV_WGI_GE.EST,1.0288458
Mexico,MEX,Government Effectiveness - Governance estimate (approx. -2.5 to +2.5),GOV_WGI_GE.EST,0.0099863
"Micronesia, Fed. Sts.",FSM,Government Effectiveness - Governance estimate (approx. -2.5 to +2.5),GOV_WGI_GE.EST,0.0691179
Moldova,MDA,Government Effectiveness - Governance estimate (approx. -2.5 to +2.5),GOV_WGI_GE.EST,-0.4025781
Monaco,MCO,Government Effectiveness - Governance estimate (approx. -2.5 to +2.5),GOV_WGI_GE.EST,1.7990398
Mongolia,MNG,Government Effectiveness - Governance estimate (approx. -2.5 to +2.5),GOV_WGI_GE.EST,-0.4472314
Montenegro,MNE,Government Effectiveness - Governance estimate (approx. -2.5 to +2.5),GOV_WGI_GE.EST,0.2868544
Morocco,MAR,Government Effectiveness - Governance estimate (approx. -2.5 to +2.5),GOV_WGI_GE.EST,-0.2631327
Mozambique,MOZ,Government Effectiveness - Governance estimate (approx. -2.5 to +2.5),GOV_WGI_GE.EST,-0.6898963
Myanmar,MMR,Government Effectiveness - Governance estimate (approx. -2.5 to +2.5),GOV_WGI_GE.EST,-1.2517085
Namibia,NAM,Government Effectiveness - Governance estimate (approx. -2.5 to +2.5),GOV_WGI_GE.EST,0.2683997
Nauru,NRU,Government Effectiveness - Governance estimate (approx. -2.5 to +2.5),GOV_WGI_GE.EST,-0.044334
Nepal,NPL,Government Effectiveness - Governance estimate (approx. -2.5 to +2.5),GOV_WGI_GE.EST,-0.927736599999999
Netherlands,NLD,Government Effectiveness - Governance estimate (approx. -2.5 to +2.5),GOV_WGI_GE.EST,2.0046983
Netherlands Antilles,ANT,Government Effectiveness - Governance estimate (approx. -2.5 to +2.5),GOV_WGI_GE.EST,0.7664249
New Caledonia,NCL,Government Effectiveness - Governance estimate (approx. -2.5 to +2.5),GOV_WGI_GE.EST,..
New Zealand,NZL,Government Effectiveness - Governance estimate (approx. -2.5 to +2.5),GOV_WGI_GE.EST,1.7876311
Nicaragua,NIC,Government Effectiveness - Governance estimate (approx. -2.5 to +2.5),GOV_WGI_GE.EST,-0.497707499999999
Niger,NER,Government Effectiveness - Governance estimate (approx. -2.5 to +2.5),GOV_WGI_GE.EST,-0.654903
Nigeria,NGA,Government Effectiveness - Governance estimate (approx. -2.5 to +2.5),GOV_WGI_GE.EST,-0.8608661
Niue,NIU,Government Effectiveness - Governance estimate (approx. -2.5 to +2.5),GOV_WGI_GE.EST,..
North Macedonia,MKD,Government Effectiveness - Governance estimate (approx. -2.5 to +2.5),GOV_WGI_GE.EST,-0.0997098
Norway,NOR,Government Effectiveness - Governance estimate (approx. -2.5 to +2.5),GOV_WGI_GE.EST,2.0636859
Oman,OMN,Government Effectiveness - Governance estimate (approx. -2.5 to +2.5),GOV_WGI_GE.EST,0.1108223
Pakistan,PAK,Government Effectiveness - Governance estimate (approx. -2.5 to +2.5),GOV_WGI_GE.EST,-0.4213336
Palau,PLW,Government Effectiveness - Governance estimate (approx. -2.5 to +2.5),GOV_WGI_GE.EST,-0.3184374
Panama,PAN,Government Effectiveness - Governance estimate (approx. -2.5 to +2.5),GOV_WGI_GE.EST,0.343385
Papua New Guinea,PNG,Government Effectiveness - Governance estimate (approx. -2.5 to +2.5),GOV_WGI_GE.EST,-0.7120555
Paraguay,PRY,Government Effectiveness - Governance estimate (approx. -2.5 to +2.5),GOV_WGI_GE.EST,-0.6426736
Peru,PER,Government Effectiveness - Governance estimate (approx. -2.5 to +2.5),GOV_WGI_GE.EST,-0.0734623
Philippines,PHL,Government Effectiveness - Governance estimate (approx. -2.5 to +2.5),GOV_WGI_GE.EST,0.1764345
Poland,POL,Government Effectiveness - Governance estimate (approx. -2.5 to +2.5),GOV_WGI_GE.EST,0.6233831
Portugal,PRT,Government Effectiveness - Governance estimate (approx. -2.5 to +2.5),GOV_WGI_GE.EST,1.2300446
Puerto Rico (US),PRI,Government Effectiveness - Governance estimate (approx. -2.5 to +2.5),GOV_WGI_GE.EST,-0.488236099999999
Qatar,QAT,Government Effectiveness - Governance estimate (approx. -2.5 to +2.5),GOV_WGI_GE.EST,0.9701164
Reunion,REU,Government Effectiveness - Governance estimate (approx. -2.5 to +2.5),GOV_WGI_GE.EST,1.1106297
Romania,ROU,Government Effectiveness - Governance estimate (approx. -2.5 to +2.5),GOV_WGI_GE.EST,-0.1200618
Russian Federation,RUS,Government Effectiveness - Governance estimate (approx. -2.5 to +2.5),GOV_WGI_GE.EST,-0.216888499999999
Rwanda,RWA,Government Effectiveness - Governance estimate (approx. -2.5 to +2.5),GOV_WGI_GE.EST,0.316719
Samoa,WSM,Government Effectiveness - Governance estimate (approx. -2.5 to +2.5),GOV_WGI_GE.EST,0.8254042
San Marino,SMR,Government Effectiveness - Governance estimate (approx. -2.5 to +2.5),GOV_WGI_GE.EST,1.454835
Sao Tome and Principe,STP,Government Effectiveness - Governance estimate (approx. -2.5 to +2.5),GOV_WGI_GE.EST,-0.545733599999999
Saudi Arabia,SAU,Government Effectiveness - Governance estimate (approx. -2.5 to +2.5),GOV_WGI_GE.EST,0.1769432
Senegal,SEN,Government Effectiveness - Governance estimate (approx. -2.5 to +2.5),GOV_WGI_GE.EST,-0.029733
Serbia,SRB,Government Effectiveness - Governance estimate (approx. -2.5 to +2.5),GOV_WGI_GE.EST,0.1137013
Seychelles,SYC,Government Effectiveness - Governance estimate (approx. -2.5 to +2.5),GOV_WGI_GE.EST,0.6187826
Sierra Leone,SLE,Government Effectiveness - Governance estimate (approx. -2.5 to +2.5),GOV_WGI_GE.EST,-1.0168171
Singapore,SGP,Government Effectiveness - Governance estimate (approx. -2.5 to +2.5),GOV_WGI_GE.EST,2.2158807
Slovak Republic,SVK,Government Effectiveness - Governance estimate (approx. -2.5 to +2.5),GOV_WGI_GE.EST,0.5705986
Slovenia,SVN,Government Effectiveness - Governance estimate (approx. -2.5 to +2.5),GOV_WGI_GE.EST,1.2399184
Solomon Islands,SLB,Government Effectiveness - Governance estimate (approx. -2.5 to +2.5),GOV_WGI_GE.EST,-1.0855854
"Somalia, Fed. Rep.",SOM,Government Effectiveness - Governance estimate (approx. -2.5 to +2.5),GOV_WGI_GE.EST,-2.00100279999999
South Africa,ZAF,Government Effectiveness - Governance estimate (approx. -2.5 to +2.5),GOV_WGI_GE.EST,0.2227717
South Sudan,SSD,Government Effectiveness - Governance estimate (approx. -2.5 to +2.5),GOV_WGI_GE.EST,-2.13822209999999
Spain,ESP,Government Effectiveness - Governance estimate (approx. -2.5 to +2.5),GOV_WGI_GE.EST,1.0199904
Sri Lanka,LKA,Government Effectiveness - Governance estimate (approx. -2.5 to +2.5),GOV_WGI_GE.EST,-0.0698946
St. Kitts and Nevis,KNA,Government Effectiveness - Governance estimate (approx. -2.5 to +2.5),GOV_WGI_GE.EST,0.7664249
St. Lucia,LCA,Government Effectiveness - Governance estimate (approx. -2.5 to +2.5),GOV_WGI_GE.EST,0.1995711
St. Vincent and the Grenadines,VCT,Government Effectiveness - Governance estimate (approx. -2.5 to +2.5),GOV_WGI_GE.EST,0.5508389
Sudan,SDN,Government Effectiveness - Governance estimate (approx. -2.5 to +2.5),GOV_WGI_GE.EST,-1.24182669999999
Suriname,SUR,Government Effectiveness - Governance estimate (approx. -2.5 to +2.5),GOV_WGI_GE.EST,-0.127179899999999
Sweden,SWE,Government Effectiveness - Governance estimate (approx. -2.5 to +2.5),GOV_WGI_GE.EST,1.8765903
Switzerland,CHE,Government Effectiveness - Governance estimate (approx. -2.5 to +2.5),GOV_WGI_GE.EST,2.0953521
Syrian Arab Republic,SYR,Government Effectiveness - Governance estimate (approx. -2.5 to +2.5),GOV_WGI_GE.EST,-1.4708561
"Taiwan, China",TWN,Government Effectiveness - Governance estimate (approx. -2.5 to +2.5),GOV_WGI_GE.EST,1.2823288
Tajikistan,TJK,Government Effectiveness - Governance estimate (approx. -2.5 to +2.5),GOV_WGI_GE.EST,-0.6988972
Tanzania,TZA,Government Effectiveness - Governance estimate (approx. -2.5 to +2.5),GOV_WGI_GE.EST,-0.357548
Thailand,THA,Government Effectiveness - Governance estimate (approx. -2.5 to +2.5),GOV_WGI_GE.EST,0.1567658
Timor-Leste,TLS,Government Effectiveness - Governance estimate (approx. -2.5 to +2.5),GOV_WGI_GE.EST,-0.989534199999999
Togo,TGO,Government Effectiveness - Governance estimate (approx. -2.5 to +2.5),GOV_WGI_GE.EST,-0.9832841
Tonga,TON,Government Effectiveness - Governance estimate (approx. -2.5 to +2.5),GOV_WGI_GE.EST,0.0778836
Trinidad and Tobago,TTO,Government Effectiveness - Governance estimate (approx. -2.5 to +2.5),GOV_WGI_GE.EST,0.3282247
Tunisia,TUN,Government Effectiveness - Governance estimate (approx. -2.5 to +2.5),GOV_WGI_GE.EST,0.0523774
Turkiye,TUR,Government Effectiveness - Governance estimate (approx. -2.5 to +2.5),GOV_WGI_GE.EST,0.2874577
Turkmenistan,TKM,Government Effectiveness - Governance estimate (approx. -2.5 to +2.5),GOV_WGI_GE.EST,-0.8883327
Tuvalu,TUV,Government Effectiveness - Governance estimate (approx. -2.5 to +2.5),GOV_WGI_GE.EST,-0.742839399999999
Uganda,UGA,Government Effectiveness - Governance estimate (approx. -2.5 to +2.5),GOV_WGI_GE.EST,-0.364528099999999
Ukraine,UKR,Government Effectiveness - Governance estimate (approx. -2.5 to +2.5),GOV_WGI_GE.EST,-0.4837223
United Arab Emirates,ARE,Government Effectiveness - Governance estimate (approx. -2.5 to +2.5),GOV_WGI_GE.EST,1.3782191
United Kingdom,GBR,Government Effectiveness - Governance estimate (approx. -2.5 to +2.5),GOV_WGI_GE.EST,1.5660677
United States,USA,Government Effectiveness - Governance estimate (approx. -2.5 to +2.5),GOV_WGI_GE.EST,1.5989168
Uruguay,URY,Government Effectiveness - Governance estimate (approx. -2.5 to +2.5),GOV_WGI_GE.EST,0.4897994
Uzbekistan,UZB,Government Effectiveness - Governance estimate (approx. -2.5 to +2.5),GOV_WGI_GE.EST,-0.5185929
Vanuatu,VUT,Government Effectiveness - Governance estimate (approx. -2.5 to +2.5),GOV_WGI_GE.EST,-0.7351774
"Venezuela, RB",VEN,Government Effectiveness - Governance estimate (approx. -2.5 to +2.5),GOV_WGI_GE.EST,-1.19227819999999
Viet Nam,VNM,Government Effectiveness - Governance estimate (approx. -2.5 to +2.5),GOV_WGI_GE.EST,0.070354
Virgin Islands (U.S.),VIR,Government Effectiveness - Governance estimate (approx. -2.5 to +2.5),GOV_WGI_GE.EST,0.7664249
West Bank and Gaza,PSE,Government Effectiveness - Governance estimate (approx. -2.5 to +2.5),GOV_WGI_GE.EST,-0.1394848
"Yemen, Rep.",YEM,Government Effectiveness - Governance estimate (approx. -2.5 to +2.5),GOV_WGI_GE.EST,-1.7355866
Zambia,ZMB,Government Effectiveness - Governance estimate (approx. -2.5 to +2.5),GOV_WGI_GE.EST,-0.463275899999999
Zimbabwe,ZWE,Government Effectiveness - Governance estimate (approx. -2.5 to +2.5),GOV_WGI_GE.EST,-0.958432699999999
,,,,
,,,,
,,,,
Data from database: Worldwide Governance Indicators,,,,
Last Updated: 03/18/2026,,,,
Code,License Type,Indicator Name,Long definition,Source,Topic,Periodicity,Aggregation method,Other notes,License URL
GOV_WGI_GE.EST,CC BY-4.0,Government Effectiveness - Governance estimate (approx. -2.5 to +2.5),"Government Effectiveness (GE) captures perceptions of the quality of public services, the civil service, policy formulation and implementation, and the credibility of a government’s decisions. Governance estimate from the aggregation model, in units of a standard normal distribution, i.e. ranging from approximately -2.5 to 2.5. Larger values correspond to better governance.","Detailed documentation of the WGI, interactive tools for exploring the data, and full access to the underlying source data available at www.govindicators.org. Worldwide Governance Indicators, 2025 Revision, World Bank (www.govindicators.org), Accessed on 12/15/2025. And: World Bank (2025). “The Worldwide Governance Indicators: Revised Methodology for Measuring Governance Using Perception Data.” Washington, DC: World Bank Group. The 2025 revision builds upon the original WGI methodology which was introduced in 1999 and summarized by the following paper: Kaufmann, Daniel & Aart C. Kraay. (2024). “The Worldwide Governance Indicators: Methodology and 2024 Update.” Policy Research Working Paper. Washington, DC: World Bank Group.",Government Effectiveness,Annual,"Indicators, from the underlying data sources, are aggregated using the Unobserved Components Model (UCM). The UCM is essentially a weighted average, resulting in a governance estimate at the country level.","The following are the key steps:
STEP 1:  Assigning indicators from the underlying sources to the six governance dimensions.  Individual questions or variables from the underlying data sources are mapped to up to two of the six governance dimensions.
STEP 2:  Rescaling the individual source data to range from 0 to 1.  Each question from the underlying data sources is rescaled to range from 0 to 1, with higher values corresponding to better governance outcomes.
STEP 3:  Using an Unobserved Components Model to construct a governance estimate for each dimension by taking a weighted average of the source-by-dimension data. To aggregate data across multiple sources, the WGI uses a statistical technique known as an Unobserved Components Model (UCM).
STEP 4:  Transforming the UCM-generated governance estimates to a 0–100 absolute governance score. The WGI transform the governance estimates for each country, year, and dimension—typically ranging from approximately –2.5 to 2.5 —into absolute scores on a 0–100 scale, with 100 representing the best absolute governance performance.

The following is a summary of the methodology:
https://www.worldbank.org/en/publication/worldwide-governance-indicators/documentation#3
The following is detailed description of the methodology:
https://www.worldbank.org/content/dam/sites/govindicators/doc/The%20Worldwide%20Governance%20Indicators%202025%20Methodology%20Revision.pdf",https://datacatalog.worldbank.org/public-licenses#cc-by
